2017,켈리,SK,16,7,0,0,0,30,30,190,8.95,2.13,0.76,0.342,73.7,3.6,6.91,3.69,3.44,6.62
2017,소사,LG,11,11,1,0,0,30,29,185.1,7.43,1.85,0.53,0.319,67.1,3.88,6.8,3.52,3.41,6.08
2017,양현종,KIA,20,6,0,0,0,31,31,193.1,7.36,2.09,0.79,0.332,72.1,3.44,6.54,3.94,3.82,5.64
2017,차우찬,LG,10,7,0,0,0,28,28,175.2,8.04,1.95,1.02,0.298,75,3.43,6.11,4.2,4.03,4.63
2017,허프,LG,6,4,0,0,0,19,17,124.2,7.07,1.01,0.51,0.255,74.4,2.38,6.03,3.28,3.19,4.54
2017,헥터*,KIA,20,5,0,0,0,30,30,201.2,6.65,2.01,0.94,0.318,77.8,3.48,7.51,4.34,4.32,4.53
2017,레일리,롯데,13,7,0,0,0,30,30,187.1,7.49,2.11,0.91,0.323,74.1,3.8,6.13,4.36,4.31,4.38
2017,밴헤켄,넥센,8,7,0,0,0,24,24,138.1,9.04,2.73,0.85,0.325,70,3.77,4.04,3.9,3.62,4.3
2017,피어밴드,KT,8,10,0,0,0,26,26,160,7.42,1.74,1.12,0.289,76.1,3.04,6.52,4.42,4.32,3.94
2017,고영표,KT,8,12,0,1,0,25,24,141.2,7.94,1.02,0.83,0.362,64.6,5.08,2.97,3.88,3.78,3.87
2017,장원준,두산,14,9,0,0,0,29,29,180.1,6.24,2.55,0.6,0.293,75.8,3.14,7.28,4.26,4.35,3.85
2017,함덕주,두산,9,8,0,2,0,35,24,137.1,9.11,4.19,0.52,0.321,73.1,3.67,4.99,3.91,3.67,3.78
2017,팻딘,KIA,9,7,0,0,0,30,29,176,7.31,1.99,1.12,0.353,76.5,4.14,5.66,4.65,4.61,3.64
2017,니퍼트,두산,14,8,0,0,0,30,30,179.2,8.01,3.86,1,0.308,74.4,4.06,6.14,4.85,4.75,3.59
2017,최원태,넥센,11,7,0,0,0,25,25,149.1,7.59,2.05,1.15,0.323,72.6,4.46,4.45,4.63,4.54,3.24
2017,윤성환,삼성,12,9,0,0,0,28,28,174.1,6.71,1.91,1.14,0.305,72.7,4.28,5.36,4.78,4.8,3.03
2017,해커,NC,12,7,0,0,0,26,26,160.1,5.44,1.63,0.79,0.288,75.7,3.42,6.35,4.45,4.61,2.99
2017,유희관,두산,11,6,0,1,0,30,29,188.2,5.06,1.96,0.95,0.329,69.7,4.53,4.79,4.78,4.97,2.89
2017,맨쉽,NC,12,4,0,0,0,21,21,112.2,6.87,2.64,0.56,0.311,71,3.67,3.78,4.08,4.09,2.79
2017,임기영,KIA,8,6,0,0,0,23,19,118.1,5.55,1.37,0.68,0.331,72.3,3.65,4.25,4.07,4.19,2.79
2017,브리검,넥센,10,6,0,0,0,24,24,144,6.12,1.62,1.06,0.323,70.6,4.38,4.32,4.72,4.81,2.69
2017,박세웅,롯데,12,6,0,0,0,28,28,171.1,6.15,2.94,1.1,0.29,78.3,3.68,5.92,5.07,5.14,2.54
2017,오간도,한화,10,5,0,0,0,19,19,110,6.05,2.45,0.65,0.308,71.1,3.93,3.31,4.45,4.58,2.25
2017,백정현,삼성,8,4,0,3,0,35,14,100.2,8.4,3.22,0.98,0.336,73.2,4.38,3.01,4.51,4.34,2.25
2017,송승준,롯데,11,5,0,1,1,30,22,130.1,7.8,2.83,1.31,0.298,75.8,4.21,4.22,4.91,4.77,2.2
2017,류제국,LG,8,6,0,0,0,25,25,131.1,7.33,3.77,0.69,0.327,63.5,5.35,1.53,4.79,4.84,2.15
2017,린드블럼,롯데,5,3,0,0,0,12,12,72.2,9.41,2.23,1.24,0.298,76.4,3.72,2.96,4.26,3.92,2.14
2017,우규민,삼성,7,10,0,0,0,27,25,133,6.77,1.56,1.29,0.334,60.6,5.21,1.48,4.95,4.98,2.14
2017,임찬규,LG,6,10,0,0,0,27,26,124.1,8.18,3.26,0.87,0.335,71.3,4.63,3.15,4.81,4.79,2.04
2017,비야누에바,한화,5,7,0,0,0,20,20,112,5.46,1.85,0.96,0.275,65.4,4.18,3.34,4.66,4.79,1.93
2017,구창모,NC,7,10,0,0,1,31,25,115,9.23,3.91,1.41,0.367,67.3,5.32,1.86,5.13,4.86,1.93
2017,손승락,롯데,1,3,37,0,5,61,0,62,9,1.6,1.02,0.311,89.9,2.18,3.91,3.69,3.37,1.82
2017,정우람,한화,6,4,26,0,5,56,0,59,11.9,2.9,0.76,0.304,79.4,2.75,2.85,3.26,2.69,1.81
2017,로치,KT,4,15,0,0,0,28,28,165,5.4,3.33,0.98,0.334,67.4,4.69,2.66,5.28,5.48,1.81
2017,윤희상,SK,6,7,0,0,0,23,22,120,6.15,2.48,1.2,0.34,63.1,6,1.52,5.13,5.22,1.8
2017,다이아몬드,SK,10,7,0,0,0,24,24,134.1,3.95,2.34,0.74,0.329,72,4.42,4.26,4.88,5.22,1.77
2017,장현식,NC,9,9,0,0,0,31,22,134.1,8.04,4.42,1.21,0.314,67.1,5.29,2.64,5.28,5.16,1.73
2017,신재영,넥센,6,7,1,2,0,34,15,125,5.4,1.87,1.01,0.306,69.4,4.54,2.87,4.95,5.15,1.71
2017,원종현,NC,3,6,0,22,0,68,0,80,7.76,2.14,0.45,0.336,63.9,4.39,2.02,3.6,3.52,1.71
2017,배영수,한화,7,8,0,0,0,25,25,128,6.05,2.04,1.2,0.328,66.4,5.06,2.47,5.1,5.21,1.68
2017,박종훈,SK,12,7,0,1,0,29,28,151.1,6.36,3.63,0.95,0.287,75.3,4.1,4.31,5.38,5.55,1.62
2017,이상화,KT,4,3,6,4,1,70,0,66,7.77,2.18,0.55,0.337,68,3.95,2.43,3.57,3.45,1.54
2017,장필준,삼성,4,8,21,3,7,56,0,67.1,10.96,3.48,0.8,0.409,72.4,4.68,1.55,3.66,3.21,1.49
2017,김진성,NC,10,6,0,15,2,69,0,89.2,9.84,2.71,1.3,0.268,76.1,3.61,3.2,4.3,3.92,1.47
2017,애디튼,롯데,2,7,0,0,0,15,13,70,7.71,3.21,0.9,0.351,58,5.91,0.43,4.61,4.53,1.41
2017,이민호,NC,5,1,3,6,1,60,3,88.2,8.73,3.05,1.02,0.312,71.4,4.06,1.97,4.41,4.22,1.38
2017,김세현,KIA,1,5,18,7,8,48,0,50,8.46,2.7,0.72,0.384,66.8,5.4,0.86,3.79,3.59,1.38
2017,조상우,넥센,5,3,0,2,0,13,7,44.1,9.14,3.05,0.61,0.379,67.9,4.87,0.89,3.67,3.39,1.31
2017,이재학,NC,5,7,0,0,0,28,23,119,8.85,3.1,1.66,0.35,65.4,5.67,1.04,5.53,5.35,1.31
2017,한현희,넥센,5,6,5,5,2,38,13,106.2,6.67,1.43,1.18,0.278,65.3,4.47,2.07,4.92,4.99,1.3
2017,김강률,두산,7,2,7,12,1,70,0,89,7.38,3.24,0.61,0.316,73.5,3.44,2.68,4.15,4.09,1.27
2017,김재윤,KT,3,5,15,0,4,41,0,37.1,7.47,2.65,0.24,0.348,54.3,5.79,0.73,3.15,3.05,1.24
2017,김원중,롯데,7,8,0,0,0,24,24,107.1,7.3,4.7,1.09,0.347,70.3,5.7,2.22,5.53,5.56,1.23
2017,박진형,롯데,4,4,2,10,3,45,9,88,9.72,4.81,0.82,0.349,68.9,5.11,1.7,4.43,4.14,1.12
2017,오주원,넥센,2,7,1,18,1,57,3,73.2,6.84,1.83,1.22,0.352,69.7,4.76,1.48,4.63,4.58,1.11
2017,윤규진,한화,8,7,0,2,0,36,18,119,7.03,3.33,1.44,0.328,72.1,5.22,2.23,5.46,5.42,1.09
2017,김재영,한화,5,7,0,0,1,20,15,85.1,5.38,2,0.95,0.337,67.8,4.54,1.6,5,5.23,1.06
2017,페트릭,삼성,3,10,0,0,0,25,24,134,5.84,3.49,1.21,0.344,66.2,6.18,1.71,5.46,5.58,1.05
2017,이보근,넥센,6,2,6,18,3,55,0,52.2,9.91,2.91,1.54,0.353,70.8,5.47,0.96,4.72,4.32,1.05
2017,김상수,넥센,0,7,15,9,5,60,0,61.1,9.1,3.23,1.17,0.309,75.5,3.82,0.92,4.39,4.11,1.03
2017,신정락,LG,3,5,10,12,3,63,0,59,8.85,3.66,0.61,0.341,59.3,5.34,0.51,4.23,4.12,0.97
2017,임창용,KIA,8,6,7,9,5,51,0,50,10.44,3.96,0.54,0.356,75.9,3.78,1.4,3.69,3.35,0.96
2017,심창민,삼성,4,7,6,16,2,66,0,75.1,12.31,5.26,1.43,0.265,78.5,4.18,1.82,4.82,4.26,0.93
2017,정찬헌,LG,8,7,7,3,3,61,0,61.2,8.32,3.65,0.73,0.383,62.9,5.84,0.97,3.96,3.8,0.93
2017,임창민,NC,4,3,29,0,6,60,0,66,8.45,3.14,1.36,0.289,81.4,3.68,2.68,4.83,4.6,0.89
2017,안영명,한화,1,8,0,0,1,25,16,87.2,5.54,2.87,1.13,0.366,66.9,5.75,0.52,5.19,5.34,0.81
2017,심동섭,KIA,2,2,2,11,1,52,2,50.2,8.88,3.73,1.07,0.382,66.6,5.68,0.5,4.31,4.03,0.8
2017,김성민,넥센,4,3,0,1,0,33,15,87.2,7.7,4.11,1.23,0.337,72.7,4.93,1.98,5.48,5.45,0.8
2017,진해수,LG,3,3,1,24,2,75,0,52.2,8.2,2.56,1.03,0.317,75.9,3.93,1.45,4.25,4.06,0.79
2017,심수창,한화,3,1,2,2,2,48,0,57,8.53,3.47,1.26,0.371,75.2,4.74,0.75,4.87,4.67,0.73
2017,이용찬*,두산,5,5,22,2,2,68,0,71.2,7.16,3.39,0.63,0.341,71,4.4,2.1,4.31,4.29,0.7
2017,이동현,LG,3,6,7,5,3,45,0,50.2,6.93,1.78,0.71,0.329,58.9,4.8,1.22,3.64,3.59,0.68
2017,문승원,SK,6,12,0,0,0,29,29,155.1,4.98,3.13,1.45,0.306,70.1,5.33,3.08,5.96,6.18,0.67
2017,김명신,두산,3,1,0,5,3,39,2,45.1,7.54,2.38,0.4,0.374,71.2,4.37,0.69,3.89,3.9,0.64
2017,금민철,넥센,4,4,0,3,0,36,7,54,7,5.5,0.5,0.417,68.3,6.33,0.41,4.9,4.96,0.63
2017,고효준,KIA,3,1,0,4,0,40,1,40,7.88,4.95,0.22,0.355,74.7,4.28,1.49,4.33,4.35,0.61
2017,서진용,SK,2,3,3,3,6,42,0,46,10.76,4.5,0.78,0.342,74.5,3.91,0.37,3.97,3.52,0.54
2017,이현승,두산,3,2,5,9,7,57,0,52,6.58,2.77,0.69,0.349,77.2,3.98,1.69,4.25,4.3,0.53
2017,임정호,NC,1,0,0,7,0,59,0,30.1,9.79,4.15,0.89,0.329,64.6,4.45,0.32,4.43,4.14,0.52
2017,장원삼,삼성,4,5,0,6,2,49,5,67.1,7.35,2.27,1.07,0.396,65.5,5.61,0.57,4.63,4.57,0.51
2017,윤수호,NC,2,1,0,1,0,40,0,47,8.04,5.74,0.57,0.288,62.1,5.36,0.62,4.95,4.92,0.51
2017,윤길현,롯데,1,4,0,13,2,40,0,39.1,9.84,3.66,0.69,0.384,60.5,6.41,-0.04,3.99,3.73,0.5
2017,김승회,두산,7,4,0,11,0,69,0,69,5.35,2.22,0.78,0.349,70.6,4.96,1.59,4.59,4.78,0.47
2017,조정훈,롯데,4,2,0,8,1,26,0,23,9.78,5.09,0.39,0.271,66.4,3.91,0.1,3.56,3.23,0.46
2017,문광은,SK,2,4,2,5,0,46,0,44.2,8.26,4.03,1.01,0.362,57.4,7.05,0.06,4.83,4.72,0.44
2017,홍건희,KIA,1,1,0,0,0,31,2,59,6.25,3.2,0.76,0.394,62.6,6.41,0.19,4.62,4.68,0.41
2017,강승현,한화,0,1,0,1,0,31,1,38.1,9.39,3.52,0.94,0.355,60.3,5.87,0.19,4.18,3.86,0.39
2017,박정진,한화,3,2,1,7,0,55,0,48,9.56,4.5,1.12,0.274,65.4,3.94,0.87,4.92,4.66,0.38
2017,김대현,LG,5,7,0,0,0,26,16,94,4.69,3.06,1.24,0.281,64.5,5.36,1.49,5.61,5.86,0.38
2017,김유영,롯데,0,0,0,2,0,40,1,48.2,7.58,4.62,0.92,0.331,76.7,4.44,0.98,4.99,4.95,0.38
2017,엄상백,KT,1,3,0,8,4,52,0,52,6.75,3.81,0.52,0.285,65.9,4.15,0.69,4.43,4.49,0.36
2017,김성배,두산,2,1,1,4,0,45,0,44,6.75,1.84,1.64,0.295,70.9,5.32,1.11,5.62,5.67,0.35
2017,심재민,KT,1,7,0,13,6,64,2,74.2,8.32,3.74,1.33,0.338,69.1,5.18,0.3,5.13,4.97,0.33
2017,배장호,롯데,8,1,0,6,2,72,0,66.1,6.38,2.71,1.22,0.302,71.4,4.34,1.15,5.12,5.21,0.29
2017,권오준,삼성,1,2,0,1,1,45,0,56,8.84,2.25,1.77,0.324,72.1,5.14,1.16,5.29,5.05,0.28
2017,한승혁,KIA,1,1,1,3,2,36,0,39,9.69,5.31,0.92,0.372,59,7.15,-0.29,4.61,4.31,0.27
2017,김경태,한화,1,0,0,6,0,19,0,12.2,12.08,6.39,0,0.414,87,1.42,0.54,3.66,3.25,0.27
2017,김사율,KT,3,3,0,2,1,19,5,34.2,7.27,2.08,1.82,0.373,59.8,7.27,-0.16,5.52,5.42,0.25
2017,정성곤,KT,3,12,0,0,0,26,20,107.2,6.02,3.43,1.67,0.356,58.2,8.11,-0.84,6.12,6.22,0.23
2017,최충연,삼성,3,8,0,3,0,42,6,84,7.93,5.14,1.29,0.366,63.9,7.61,-0.56,5.83,5.8,0.23
2017,백인식,SK,0,0,2,2,0,11,2,18.2,4.82,2.41,0,0.273,79.2,2.41,0.96,4.11,4.49,0.23
2017,고우석,LG,0,0,0,1,0,25,0,26,7.96,3.81,0.69,0.35,74.6,4.5,0.47,4.47,4.39,0.23
2017,배우열,KT,0,2,0,3,0,26,0,34.1,8.65,2.36,1.84,0.421,62.1,8.65,-0.22,5.6,5.42,0.22
2017,채병용,SK,6,4,0,6,3,43,0,50,7.74,2.7,1.44,0.342,58.1,6.84,-0.17,5.05,4.94,0.22
2017,신재웅,SK,0,1,2,4,2,32,0,31,8.42,4.35,0.87,0.253,79.9,3.19,0.87,4.57,4.39,0.21
2017,최지광,삼성,0,2,0,0,0,11,6,25,8.28,7.92,0.72,0.351,64.3,6.48,-0.16,5.69,5.65,0.21
2017,임정우,LG,0,0,0,1,0,17,0,16.2,9.18,3.24,0.54,0.302,76.5,2.7,0.41,3.73,3.49,0.2
2017,장시환,롯데,4,4,0,10,6,53,0,51.1,9.99,5.44,1.05,0.326,73.7,4.38,0.63,4.9,4.61,0.19
2017,이민우,KIA,1,1,0,0,0,4,2,12.2,6.39,0,1.42,0.293,90.2,2.84,0.47,4.6,4.6,0.18
2017,박세진,KT,0,2,0,0,0,4,3,11.1,6.35,4.76,0,0.4,50,9.53,-0.13,4.44,4.67,0.18
2017,김정인,넥센,0,0,0,0,0,13,1,13.2,8.56,2.63,0,0.413,58.3,5.93,-0.31,2.93,2.77,0.18
2017,전유수,SK,0,0,0,1,0,18,0,20.2,8.71,5.66,0.44,0.415,65.7,6.53,-0.15,4.61,4.54,0.17
2017,손영민,KIA,0,1,0,4,0,15,0,13.1,6.08,2.02,2.7,0.458,57.4,10.8,-0.12,7.18,7.24,0.17
2017,박지훈,KIA,1,1,0,4,0,18,0,14,6.43,5.79,0.64,0.333,56.9,7.07,-0.04,5.38,5.52,0.13
2017,윤지웅,LG,1,1,1,3,0,34,3,35,5.66,2.57,1.03,0.312,69.6,3.86,0.79,4.91,5.07,0.13
2017,박정배,SK,5,3,7,16,4,61,0,68,6.49,4.37,1.19,0.258,76.2,3.57,2.59,5.34,5.39,0.13
2017,황수범,삼성,1,2,0,0,0,10,7,31.1,7.47,5.46,2.01,0.376,56.9,8.04,-0.67,6.99,6.97,0.12
2017,양훈,넥센,2,1,0,1,0,7,2,16.1,2.76,2.76,0.55,0.371,60.8,7.16,0.12,5.2,5.74,0.12
2017,전용훈,두산,0,0,0,0,0,7,0,9,6,2,0,0.355,46.2,6,-0.05,3.07,3.12,0.11
2017,김주한,SK,6,5,5,11,5,63,3,69.2,5.81,4.13,1.29,0.324,64.8,5.94,0.26,5.69,5.83,0.1
2017,김대유,SK,0,0,0,0,0,6,0,4.2,5.79,3.86,1.93,0.389,58.1,9.64,0.08,5.88,5.91,0.09
2017,이명우,롯데,2,0,0,4,0,34,0,26.2,5.06,2.36,1.01,0.326,61.9,5.74,0.35,5.08,5.3,0.09
2017,장지훈,삼성,0,0,0,0,0,4,0,2.1,19.29,3.86,0,0.5,100,0,0.09,0.73,-0.69,0.08
2017,손주영,LG,0,0,0,0,0,5,0,6,7.5,1.5,0,0.316,62.5,4.5,0.06,3.07,3.08,0.08
2017,임기준,KIA,0,1,1,2,0,15,4,22,4.91,6.14,0.41,0.32,80.3,3.27,0.74,5.28,5.55,0.07
2017,최성훈,LG,0,0,1,3,0,32,0,22,6.55,4.5,0.82,0.311,75.3,4.09,0.34,5.37,5.55,0.07
2017,송신영,한화,0,0,0,0,0,5,0,6.1,8.53,0,0,0.333,62.5,4.26,0.07,2.79,2.78,0.07
2017,김진영,한화,0,0,0,0,0,3,0,2.2,13.5,6.75,0,0.556,57.1,10.12,-0.02,2.98,2.29,0.07
2017,이동걸,한화,0,0,1,2,0,24,0,36.2,5.4,1.23,1.23,0.279,70.3,4.17,0.69,4.96,5.11,0.06
2017,여건욱,LG,0,0,0,1,0,3,0,3.1,8.1,8.1,0,0.364,100,0,0.25,3.73,3.63,0.06
2017,진명호,롯데,0,0,0,0,0,4,0,5,12.6,9,0,0.125,100,0,0.21,3.93,3.4,0.05
2017,조무근,KT,0,0,0,3,0,16,0,14.2,5.52,1.84,1.23,0.345,54.1,7.36,-0.12,5.1,5.24,0.05
2017,강영식,롯데,0,1,0,0,0,4,0,2.1,7.71,3.86,0,0.4,60,3.86,-0.01,3.31,3.21,0.05
2017,차재용,롯데,0,0,0,0,0,3,0,2.1,7.71,0,0,0.167,100,0,0.08,2.02,1.83,0.05
2017,임준혁,SK,0,0,1,2,0,43,0,45.1,5.96,5.76,0.79,0.325,74,4.57,0.62,5.34,5.54,0.04
2017,이영준,넥센,1,0,0,0,0,10,0,8.1,4.32,4.32,0,0.312,68.8,5.4,0.02,4.93,5.45,0.04
2017,이형범,NC,1,2,0,0,0,14,4,29.1,4.3,3.99,0.61,0.261,77.7,3.07,0.77,5.51,5.94,0.04
2017,윤영삼,넥센,1,4,1,0,0,28,2,49.2,8.34,3.08,1.45,0.378,72.8,5.62,0.14,5,4.78,0.03
2017,임현준,삼성,0,0,0,0,0,10,0,10.2,3.38,3.38,0,0.297,58.8,5.06,-0.04,4.67,5.22,0.03
2017,김명찬,KIA,0,0,0,0,0,6,0,5,3.6,3.6,0,0.294,71.4,3.6,0.16,4.13,4.5,0.03
2017,고원준,두산,0,1,0,0,0,5,3,9.1,5.79,7.71,0,0.447,56,10.61,-0.29,5.02,5.23,0.03
2017,김홍빈,넥센,0,0,0,0,0,3,0,7.1,4.91,1.23,0,0.517,63.2,7.36,-0.14,4.28,4.8,0.02
2017,임치영,SK,0,0,0,0,0,1,0,1,9,0,0,0.6,66.7,9,-0.02,1.73,1.4,0.02
2017,장민익,두산,0,0,0,0,0,3,0,2,9,9,0,0,100,0,0.08,4.73,4.61,0.02
2017,김찬호,SK,0,0,0,0,0,5,0,5.1,10.12,8.44,0,0.556,56.2,11.81,-0.18,4.86,4.76,0.02
2017,박경태,KIA,0,0,0,0,0,3,0,4,6.75,6.75,0,0.389,40,9,-0.17,4.48,4.56,0.02
2017,박진태,KIA,0,1,3,2,0,38,2,57.2,3.75,2.97,0.78,0.335,61.2,6.55,-0.04,5.38,5.84,0.01
2017,김도영,KT,0,0,0,0,0,1,0,1,0,0,0,0.25,100,0,0.04,3.73,4.43,0
2017,조근종,KT,0,0,0,0,0,1,0,2,22.5,4.5,4.5,0.833,35.7,22.5,-0.16,6.73,4.86,0
2017,손동욱,넥센,0,0,0,0,0,1,0,1,9,9,0,0,100,0,0.03,4.73,4.61,0
2017,임진우,두산,0,0,0,0,0,1,0,1,9,9,0,0.667,40,27,-0.11,4.73,4.61,0
2017,류재인,NC,0,0,0,0,0,1,0,0.2,0,0,0,0.333,100,0,0.03,3.73,4.43,0
2017,최영필,KIA,0,0,0,0,0,2,0,1.1,6.75,0,0,0.625,50,20.25,-0.13,4.48,5.06,0
2017,박치국,두산,1,1,0,0,0,21,3,32,6.47,3.94,0.84,0.333,60.6,6.75,-0.12,5.39,5.58,0
2017,조승수,두산,0,0,0,0,0,1,0,0,-,-,-,-,100,-,0,-,-,0
2017,민태호,NC,0,0,0,0,0,7,0,8.2,7.27,3.12,1.04,0.346,66.2,6.23,0.07,5.35,5.46,0
2017,김건태,넥센,1,0,0,0,0,5,0,6,7.5,3,1.5,0.522,51.5,12,-0.31,5.23,5.11,0
2017,박상원,한화,0,0,0,1,0,18,0,21.2,5.4,2.91,1.25,0.254,73.4,4.15,0.32,5.3,5.42,0
2017,김정빈,SK,0,0,0,0,0,2,0,3,9,12,0,0.25,50,9,-0.05,5.73,5.68,-0.01
2017,허건엽,SK,0,0,0,0,0,8,0,8.1,3.24,2.16,1.08,0.4,51.3,8.64,-0.2,5.29,5.64,-0.01
2017,정수민,NC,1,1,0,0,0,15,1,28,9,5.14,2.25,0.32,70.7,6.75,0.29,6.81,6.57,-0.01
2017,성영훈,두산,0,0,0,0,0,1,0,1,0,9,0,0,100,0,0.04,6.73,7.64,-0.01
2017,고봉재,두산,0,0,0,0,0,1,0,1,0,9,0,0.5,100,0,0.04,6.73,7.64,-0.01
2017,신승현,LG,0,0,0,0,0,3,0,3.2,2.45,0,0,0.1,100,0,0.18,4.01,4.66,-0.01
2017,이수민,삼성,0,0,0,0,0,1,0,2.2,3.38,3.38,0,0.364,50,10.12,-0.15,5.23,5.95,-0.01
2017,박종윤,넥센,0,0,0,0,0,1,0,4,4.5,9,0,0.308,62.5,6.75,-0.02,5.73,6.12,-0.02
2017,강윤구,NC,2,1,0,0,0,36,5,54.2,8.4,3.95,2.3,0.281,83.6,4.45,0.78,6.62,6.43,-0.02
2017,오설리반,넥센,0,2,0,0,0,3,2,8,6.75,2.25,2.25,0.469,34.9,15.75,-0.56,6.61,6.64,-0.02
2017,유재유,LG,0,0,0,0,0,3,0,5,1.8,7.2,0,0.3,80,3.6,0.07,5.73,6.39,-0.03
2017,이용호,두산,0,0,0,0,0,1,0,0.1,0,54,0,1,75,27,-0.04,21.73,23.71,-0.03
2017,남재현,KIA,0,0,0,0,0,9,0,7.2,9.39,10.57,1.17,0.5,59.3,11.74,-0.18,6.47,6.29,-0.04
2017,김해수,넥센,0,0,0,0,0,1,0,1,9,9,0,0.333,75,9,-0.02,10.73,12.37,-0.04
2017,최원재,KT,1,0,0,0,0,4,0,2,9,4.5,4.5,0.714,75.8,13.5,-0.02,11.23,11.35,-0.04
2017,안규현,삼성,0,0,0,0,0,1,0,2,4.5,13.5,0,0.333,66.7,9,-0.04,8.73,9.67,-0.04
2017,서균,한화,0,0,0,0,0,14,0,14.1,6.28,1.88,1.26,0.333,79.2,4.4,0.25,5.41,5.58,-0.04
2017,안성무,삼성,1,1,0,0,0,5,3,11.2,6.17,7.71,1.54,0.324,67.6,7.71,-0.02,7.42,7.63,-0.05
2017,이충호,한화,1,1,0,1,0,21,0,11.1,6.35,9.53,2.38,0.439,56.6,13.5,-0.19,9.73,10.11,-0.05
2017,안규영,두산,0,0,0,0,0,5,0,5.1,6.75,13.5,0,0.368,46.7,13.5,-0.23,6.73,6.97,-0.05
2017,박희수,SK,2,6,8,9,3,48,0,38,6.87,4.5,1.89,0.339,70.7,6.63,0.37,6.52,6.57,-0.05
2017,김시현,삼성,0,0,0,0,0,17,0,21.1,6.75,6.33,1.69,0.385,69.3,7.59,0.08,7.06,7.18,-0.05
2017,황덕균,넥센,0,1,0,0,0,13,0,15,3,1.8,2.4,0.373,59.1,9.6,-0.32,7.33,7.78,-0.05
2017,박근홍,삼성,0,0,0,1,0,24,0,15.1,8.22,8.22,1.17,0.262,47.8,9.39,-0.21,6.73,6.81,-0.05
2017,박승주,넥센,0,0,1,0,0,1,0,3,0,9,0,0,75,3,0.07,7.73,8.93,-0.05
2017,김태훈,SK,2,2,0,3,1,21,6,41.1,7.4,4.14,1.74,0.379,68.2,6.53,0.07,6.13,6.09,-0.06
2017,김종훈,KIA,0,0,0,0,0,1,0,1,18,18,9,0.75,43.5,36,-0.16,18.73,17.6,-0.06
2017,박정준,넥센,0,0,0,0,0,4,0,4.2,7.71,1.93,1.93,0.357,52.6,9.64,-0.23,6.73,6.93,-0.07
2017,정동윤,SK,0,0,0,0,0,2,0,3,3,3,3,0.364,71.4,9,-0.03,9.4,10.05,-0.07
2017,정동현,KIA,0,1,0,0,0,1,1,2.1,7.71,7.71,3.86,0.444,71.4,11.57,-0.1,10.16,10.07,-0.07
2017,박시영,롯데,2,3,0,5,2,47,3,57,8.21,5.05,2.21,0.288,65.4,6.47,-0.38,6.73,6.57,-0.07
2017,배민관,LG,0,0,0,0,0,4,0,3.2,4.91,9.82,2.45,0.417,69.8,9.82,-0.11,9.46,9.77,-0.08
2017,마정길,넥센,0,0,0,0,0,7,0,10.1,6.1,3.48,2.61,0.314,47.3,10.45,-0.27,7.61,7.71,-0.08
2017,유원상,LG,0,0,0,0,0,6,0,7.1,1.23,4.91,0,0.276,57.1,6.14,-0.18,5.51,6.39,-0.08
2017,임대한,삼성,0,0,0,0,0,12,0,14,8.36,9.64,1.93,0.46,65.2,9,-0.26,7.88,7.8,-0.08
2017,윤근영,KT,0,0,0,1,0,12,0,18,5.5,2.5,2,0.339,84.8,3.5,0.3,6.23,6.31,-0.08
2017,이건욱,SK,0,0,0,0,0,2,0,1.1,6.75,20.25,6.75,0.5,35.7,33.75,-0.24,18.73,18.99,-0.09
2017,강동호,롯데,2,1,0,0,0,27,0,41.1,5.66,3.48,1.74,0.276,73.8,4.79,0.49,6.08,6.18,-0.1
2017,강장산,KT,0,0,0,0,0,17,0,26.1,5.47,5.13,1.03,0.296,69.4,5.47,0.54,6.16,6.46,-0.1
2017,김현우,삼성,0,0,0,0,0,8,0,10.2,9.28,2.53,3.38,0.355,48.6,9.28,-0.31,7.95,7.74,-0.1
2017,홍성무,KT,0,1,0,0,0,7,0,6.1,5.68,8.53,1.42,0.435,51.3,12.79,-0.29,7.37,7.58,-0.11
2017,보우덴,두산,3,5,0,0,0,17,17,87.1,5.26,3.92,1.55,0.272,77,4.64,1.93,6.31,6.52,-0.11
2017,송은범,한화,0,4,1,0,1,13,6,37.1,3.62,5.54,0.96,0.315,62.7,6.51,0.1,6.33,6.79,-0.12
2017,정재원,한화,0,2,0,1,1,14,0,21,3.86,4.71,0,0.315,69.2,3.43,0.12,5.16,5.73,-0.12
2017,김민우,한화,0,0,0,0,0,4,2,7.1,6.14,7.36,1.23,0.613,50.7,17.18,-0.52,7.83,8.32,-0.12
2017,오윤성,넥센,0,1,0,0,0,6,0,7.2,4.7,10.57,0,0.321,47.4,11.74,-0.33,6.6,7.12,-0.13
2017,박주현,넥센,0,0,0,0,0,2,0,2.1,0,11.57,3.86,0.533,28.3,34.71,-0.48,13.16,14.05,-0.13
2017,이현호,두산,1,0,0,0,0,24,2,30,5.7,4.2,1.8,0.389,65.3,5.7,-0.51,6.47,6.57,-0.16
2017,권혁,한화,1,3,0,11,1,37,0,31.1,4.88,2.59,1.72,0.311,67.3,6.32,0.04,6.48,6.78,-0.16
2017,배힘찬,KIA,0,1,0,0,0,2,1,3.1,10.8,0,8.1,0.643,12.8,29.7,-0.46,13.03,12.32,-0.16
2017,배제성,KT,0,0,0,0,0,21,1,32,5.91,6.47,1.12,0.378,59.6,8.72,-0.1,6.39,6.59,-0.17
2017,홍상삼,두산,1,1,0,0,0,11,2,17,3.71,5.82,1.06,0.3,53,7.94,-0.52,6.73,7.22,-0.18
2017,이태양,한화,3,6,0,0,0,16,12,59,4.42,3.97,1.83,0.33,64.3,7.17,0.05,6.77,7.04,-0.18
2017,김진우,KIA,2,6,0,0,1,14,8,36.1,5.2,5.7,1.24,0.376,65.3,7.93,-0.35,6.68,7.04,-0.19
2017,이영하,두산,3,3,0,0,0,20,3,35.2,6.56,4.04,2.02,0.333,78.7,5.55,0.59,6.79,6.86,-0.19
2017,김대우,삼성,2,5,0,1,0,25,7,50,5.04,4.68,1.26,0.362,51.5,9.54,-0.98,6.47,6.81,-0.19
2017,최성영,NC,0,0,0,0,0,7,0,11.1,6.35,5.56,3.18,0.361,68.6,9.53,-0.26,9.29,9.48,-0.2
2017,김동호,삼성,0,1,0,0,0,20,1,36,4,5.25,0.25,0.381,67,6.75,-0.07,5.46,5.96,-0.2
2017,김윤동,KIA,7,4,11,6,6,65,1,80.1,7.39,5.27,1.12,0.267,75,4.59,1.89,5.54,5.53,-0.2
2017,정인욱,삼성,1,4,0,0,0,9,7,32,7.59,3.94,2.53,0.359,52.5,9.84,-0.43,7.39,7.36,-0.2
2017,송창식,한화,5,6,0,15,6,63,0,73.1,7.85,4.05,1.6,0.303,61,6.63,-0.74,5.68,5.59,-0.22
2017,김광수,KIA,1,0,0,0,0,19,0,20.2,4.35,1.31,2.61,0.375,38.3,11.76,-0.95,7.41,7.71,-0.23
2017,배재환,NC,0,1,0,0,0,3,1,8,4.5,6.75,4.5,0.346,82.1,9,-0.16,11.48,11.73,-0.23
2017,이정민,롯데,3,1,0,2,1,24,0,26.2,3.71,2.7,1.69,0.307,71.4,5.4,0.19,6.47,6.83,-0.24
2017,최동환,LG,1,2,1,5,2,35,0,38,7.34,3.55,2.13,0.273,71.1,5.68,-0.05,6.76,6.77,-0.24
2017,이종혁,KT,2,0,0,0,0,16,0,19,4.74,4.74,1.42,0.324,67,6.63,-0.09,7.1,7.57,-0.25
2017,홍성용,KT,0,2,0,1,0,37,1,39,5.08,3.92,1.62,0.294,68.3,6.23,0.25,6.4,6.63,-0.28
2017,정대현,넥센,3,8,0,0,0,17,10,66.1,3.66,3.12,1.76,0.329,62.8,7.06,-0.03,6.6,6.95,-0.29
2017,정영일,SK,0,0,0,0,0,9,0,8,2.25,6.75,3.38,0.281,47.3,10.12,-0.61,10.73,11.37,-0.3
2017,김지용,LG,4,3,3,8,4,53,0,53,6.62,2.38,2.21,0.28,73.9,5.09,0.28,6.3,6.27,-0.38
2017,최금강,NC,5,3,0,0,0,39,13,89.2,5.12,3.41,1.51,0.32,57.4,7.33,-0.27,6.31,6.58,-0.41
2017,김범수,한화,0,4,0,0,0,15,5,31,4.65,6.97,2.03,0.34,66.4,8.71,-0.42,8.15,8.52,-0.42
2017,이승현,삼성,2,0,0,0,0,30,0,31.2,7.11,6.25,2.56,0.276,81.9,5.12,0.31,8.03,8.03,-0.44
2017,주권,KT,5,6,1,3,2,39,12,81.2,5.18,3.42,1.65,0.314,63.2,6.61,-0.02,6.33,6.54,-0.46
2017,장민재,한화,2,5,0,0,2,33,5,62.2,4.31,3.3,1.58,0.355,56.9,7.76,-1.21,6.21,6.48,-0.47
2017,하영민,넥센,1,1,0,1,1,28,2,45.1,4.57,5.96,0.99,0.306,76.7,4.76,0.52,6.07,6.37,-0.49
2017,정용운,KIA,3,2,0,0,0,25,11,59.1,4.85,5.61,1.06,0.263,65.4,5.92,0.39,6.41,6.77,-0.49
2017,레나도,삼성,2,3,0,0,0,11,11,49,5.14,4.96,2.02,0.349,65.1,6.8,-0.31,7.53,7.82,-0.54
2017,노경은,롯데,0,2,0,0,0,9,2,14.2,4.91,4.91,2.45,0.382,52.8,11.66,-0.83,8.03,8.29,-0.61
2017,김승현,삼성,0,3,0,1,0,41,0,43.2,7.63,7.01,1.44,0.341,73.9,5.77,-0.4,6.87,6.95,-0.7
2017,류희운,KT,4,4,0,0,0,24,14,81,5.78,5.89,2,0.312,65.3,7.67,-0.68,7.6,7.81,-1.01
2016,한기주,KIA,4,3,1,1,1,29,5,56.2,4.29,4.76,1.75,0.35,67.6,7.62,-0.19,7.06,7.43,-0.92
2016,김윤동,KIA,0,3,2,2,1,31,5,53,7.98,6.45,1.53,0.271,73.3,5.43,0.71,6.55,6.55,-0.8
2016,김기태,삼성,4,4,0,0,0,17,15,75,4.08,2.64,2.4,0.29,66.3,7.08,0.34,7.63,7.98,-0.73
2016,문광은,SK,1,1,0,1,0,17,0,17,6.88,3.71,3.18,0.407,66.4,9.53,-0.57,8.09,8.06,-0.53
2016,이재우,한화,0,1,0,0,0,15,3,25.1,6.39,4.97,3.2,0.325,80.7,6.04,0.02,8.88,9.05,-0.41
2016,이준영,KIA,0,2,0,1,1,13,1,17.2,3.57,5.6,2.04,0.281,58.4,8.66,-0.37,7.81,8.28,-0.36
2016,김건태,넥센,1,5,0,0,0,34,4,63.1,3.98,4.12,1.28,0.295,66.4,5.26,0.31,6.41,6.82,-0.36
2016,이성민*,롯데,6,5,0,1,0,36,6,68.2,6.16,5.5,1.44,0.355,63.5,7.08,-0.2,6.3,6.44,-0.31
2016,장진용,LG,0,0,0,0,0,2,2,5.1,3.38,8.44,5.06,0.3,20.4,20.25,-0.51,13.17,13.84,-0.3
2016,안지만,삼성,2,5,5,5,3,31,0,37.1,9.88,3.62,2.17,0.343,73.4,5.79,0.47,6.26,5.92,-0.3
2016,김재영,한화,0,0,0,0,0,11,2,11.1,3.18,6.35,1.59,0.39,57.3,10.32,-0.35,8.29,9.03,-0.29
2016,조승수,두산,0,0,0,0,0,7,0,8.1,2.16,4.32,2.16,0.324,60.4,10.8,-0.26,9.31,10.23,-0.28
2016,최충연,삼성,0,2,0,0,0,3,3,7.2,7.04,12.91,2.35,0.346,57.3,12.91,-0.37,9.92,10.35,-0.26
2016,강장산,NC,0,1,0,0,0,3,0,2.1,3.86,11.57,7.71,0.2,93.8,11.57,-0.17,17.93,18.74,-0.26
2016,마에스트리,한화,2,2,0,0,0,9,8,28.2,7.22,10.67,1.26,0.359,52.7,9.42,-0.69,7.66,7.96,-0.25
2016,정대현,롯데,1,0,0,8,0,24,0,17.1,3.63,6.75,1.56,0.344,82.3,5.19,0.42,7.14,7.6,-0.24
2016,임기준,KIA,0,2,1,1,0,19,6,31.1,4.31,9.48,0.57,0.347,71.6,6.03,0.62,7.11,7.75,-0.22
2016,김성배,두산,0,1,1,5,2,39,0,37.1,6.51,4.82,1.21,0.412,74,6.03,-0.1,5.77,5.85,-0.22
2016,신재웅,SK,0,1,0,4,1,35,0,18,8.5,8.5,2,0.25,78.9,5.5,0.09,7.96,8.06,-0.22
2016,김원중,롯데,0,1,0,0,0,3,2,7.2,5.87,9.39,2.35,0.238,57.4,9.39,-0.1,9.01,9.4,-0.22
2016,박세진,KT,0,2,0,0,0,7,3,21,3.43,5.57,2.14,0.284,80,5.14,0.29,7.98,8.47,-0.21
2016,봉중근,LG,1,0,0,2,2,19,5,36.1,4.95,5.45,0.99,0.296,70.7,4.95,0.57,6.1,6.42,-0.21
2016,김용주,한화,0,2,0,0,0,17,2,15.2,6.89,8.62,1.15,0.347,51.3,9.77,-0.41,6.79,7,-0.18
2016,박정배,SK,2,3,2,11,2,49,0,51.2,4.53,2.96,1.05,0.295,61.6,5.4,0.18,5.4,5.63,-0.18
2016,유재유,LG,0,1,0,0,0,7,1,6.2,4.05,9.45,2.7,0.333,49.3,13.5,-0.34,9.94,10.56,-0.17
2016,유경국,LG,0,0,0,0,0,2,2,5.1,0,6.75,1.69,0.3,72.9,6.75,0.04,8.48,9.45,-0.14
2016,이정훈,넥센,0,3,0,1,0,15,0,18,4,2.5,1.5,0.414,70.1,7,-0.12,5.9,6.15,-0.14
2016,강윤구,넥센,0,0,0,0,0,1,1,1,0,9,9,0,0,18,-0.1,19.79,20.96,-0.13
2016,임대한,삼성,0,1,0,0,0,26,0,28,4.18,4.5,0.64,0.333,67.1,5.14,0.21,5.51,5.88,-0.13
2016,황덕균,넥센,1,0,0,0,0,7,0,16.1,1.65,3.86,1.65,0.189,89.3,3.31,0.71,7.28,7.94,-0.13
2016,이태양*,NC,2,2,0,0,0,10,10,47,5.17,4.98,1.34,0.27,82.1,4.21,1.64,6.68,7.03,-0.13
2016,배민관,LG,0,0,0,0,0,2,0,5.2,1.59,1.59,4.76,0.111,111.1,6.35,-0.01,10.85,11.39,-0.13
2016,마정길,넥센,6,1,0,12,0,61,0,63.2,7.35,4.81,1.41,0.283,77.6,4.1,1.17,5.99,5.99,-0.13
2016,전상현,KIA,0,2,0,1,0,8,1,13.1,7.42,5.4,2.02,0.381,61.4,8.1,-0.23,6.87,6.85,-0.13
2016,정회찬,넥센,0,0,0,0,0,11,0,9.2,1.86,8.38,0,0.235,63.2,6.52,0,6.79,7.74,-0.11
2016,유창식*,KIA,0,0,0,0,0,1,0,1.1,0,40.5,6.75,0.333,75.8,20.25,-0.11,27.04,29.82,-0.1
2016,이동걸,한화,0,0,0,0,0,5,0,5,1.8,3.6,3.6,0.222,96.2,5.4,0.09,9.79,10.4,-0.09
2016,차재용,롯데,0,0,0,0,0,2,0,2.2,0,13.5,3.38,0.222,17.9,20.25,-0.18,13.17,14.5,-0.09
2016,김동호,삼성,0,1,0,2,0,33,0,33,5.73,3.82,1.36,0.369,62.5,7.64,-0.08,6.03,6.2,-0.09
2016,이현호,두산,0,2,0,0,0,41,1,47,6.13,3.83,0.96,0.365,63,7.09,-0.4,5.34,5.46,-0.08
2016,벨레스터,삼성,0,3,0,0,0,3,3,12.1,3.65,8.76,0.73,0.396,58.8,8.03,-0.28,6.95,7.56,-0.08
2016,김정인,넥센,0,0,0,0,0,2,1,2,4.5,13.5,0,0.375,100,0,0.1,8.79,9.89,-0.08
2016,김승회,SK,1,1,0,4,1,23,0,24.1,7.03,3.33,1.48,0.347,67.9,5.92,-0.03,5.35,5.25,-0.08
2016,김범수,한화,1,0,0,0,0,5,0,5.2,7.94,9.53,1.59,0.294,60.3,9.53,-0.07,8.03,8.28,-0.07
2016,김진우,KIA,2,1,0,2,0,11,0,15,6,3,1.8,0.289,79.8,4.8,0.25,6.26,6.35,-0.07
2016,윤근영,KT,0,0,0,0,0,3,0,4,2.25,11.25,0,0.333,50,6.75,-0.14,7.79,8.87,-0.07
2016,이정담,SK,0,0,0,0,0,6,0,5.1,0,3.38,1.69,0.238,75.8,5.06,0.04,7.35,8.15,-0.07
2016,곽정철,KIA,0,1,2,1,1,27,0,27.1,5.27,7.24,0.99,0.337,63.2,7.9,0.06,6.68,7.07,-0.07
2016,강동연,두산,0,0,0,0,0,11,0,7.2,7.04,7.04,2.35,0.333,57.4,8.22,-0.03,7.97,8.09,-0.07
2016,정인욱,삼성,4,7,0,0,0,27,23,111,5.68,5.03,1.54,0.318,63.9,6.81,0.12,6.65,6.87,-0.07
2016,김성재,롯데,0,0,0,0,0,6,0,3.2,7.36,4.91,4.91,0.333,95.2,7.36,0.1,10.88,10.88,-0.06
2016,조현근,삼성,0,0,0,0,0,3,0,5.1,8.44,5.06,3.38,0.5,60.6,13.5,-0.21,9.04,9.03,-0.06
2016,황재규,한화,0,0,0,0,0,2,0,3.2,4.91,4.91,2.45,0.5,17.2,24.55,-0.34,8.7,9.17,-0.06
2016,임현준,삼성,0,0,0,0,0,2,0,1,0,0,9,0.5,27.8,36,-0.13,19.79,21.2,-0.06
2016,허준혁,두산,4,7,0,0,0,28,15,89.1,5.64,3.93,1.71,0.308,71,5.64,1.24,6.56,6.74,-0.06
2016,박상혁,NC,0,0,0,0,0,2,0,2.1,11.57,11.57,3.86,0.333,87,7.71,0.01,10.65,10.46,-0.06
2016,정찬헌,LG,0,0,0,0,0,6,0,8,4.5,3.38,0,0.292,72.7,3.38,0.32,4.29,4.6,-0.06
2016,김민우,한화,0,3,0,0,0,5,3,9.2,6.52,7.45,1.86,0.5,42,15.83,-0.57,7.52,7.72,-0.05
2016,김학성,NC,0,0,0,0,0,4,1,4.1,0,6.23,0,0.478,53.3,14.54,-0.26,6.56,7.65,-0.05
2016,강승현,롯데,0,0,0,0,0,6,0,8.1,7.56,5.4,2.16,0.414,61.7,9.72,-0.05,7.03,7,-0.05
2016,홍영현,두산,1,0,0,0,0,6,0,6.1,8.53,8.53,1.42,0.4,66.2,7.11,-0.06,6.79,6.8,-0.05
2016,안영명,한화,0,1,0,0,0,2,1,2.2,3.38,13.5,0,0.529,23.1,20.25,-0.5,7.54,8.42,-0.04
2016,정용준,넥센,0,0,0,0,0,5,0,9,3,5,1,0.226,69,4,0.04,6.24,6.73,-0.04
2016,이경우,롯데,0,0,0,0,0,1,0,2,4.5,0,4.5,0.286,0,13.5,-0.08,9.29,9.39,-0.04
2016,박성민,두산,0,0,0,0,0,4,0,3.1,8.1,5.4,2.7,0.444,89.3,5.4,0.03,7.69,7.6,-0.03
2016,채선관,KT,0,0,0,0,0,1,0,0.1,0,54,0,1,75,27,-0.04,21.79,25.19,-0.03
2016,정용운,KIA,0,1,0,0,0,12,3,21.2,4.98,8.31,0.42,0.385,60.5,7.89,-0.11,5.91,6.31,-0.03
2016,박종윤,넥센,0,0,0,0,0,1,1,2,0,9,0,0.455,85.7,4.5,0.05,6.79,7.86,-0.03
2016,조한욱,SK,0,0,0,0,0,2,0,2.1,7.71,15.43,0,0.167,100,0,0.08,7.22,7.67,-0.03
2016,정동현,KIA,1,2,0,0,0,9,3,18,2,3,1,0.281,59.5,6,0.24,5.96,6.53,-0.02
2016,김선규,NC,1,0,0,0,0,17,0,15.1,3.52,4.7,0.59,0.352,83.3,2.93,0.38,5.62,6.08,-0.02
2016,류희운,KT,0,0,0,0,0,5,0,8.1,3.24,3.24,1.08,0.364,41.1,10.8,-0.17,5.71,6.09,-0.02
2016,유재훈,넥센,0,0,0,0,0,1,0,0.1,27,54,0,-,100,0,0.01,15.79,15.85,-0.02
2016,김윤환,넥센,0,0,0,0,0,1,0,1,0,9,0,0,100,0,0.03,6.79,7.86,-0.01
2016,이상화,KT,0,0,0,0,0,16,0,32.2,6.61,2.76,1.93,0.41,59.8,7.99,-0.53,6.03,5.97,-0.01
2016,배힘찬,KIA,0,0,1,0,0,3,0,5.2,3.18,4.76,1.59,0.286,46.5,7.94,-0.04,6.97,7.44,-0.01
2016,김대현,LG,0,0,0,0,0,1,0,1.2,0,0,0,0.333,50,5.4,-0.06,5.59,6.62,-0.01
2016,박정준,넥센,0,0,0,0,0,7,0,4.2,5.79,11.57,0,0.421,33.3,19.29,-0.28,7.01,7.64,-0.01
2016,이용호,두산,0,0,0,0,0,1,0,1.2,0,5.4,0,0.375,75,5.4,0.01,5.59,6.47,0
2016,이영재,LG,0,0,0,0,0,1,1,0,-,-,-,1,0,-,0,-,-,0
2016,코프랜드,LG,2,3,0,0,0,13,13,63.1,4.83,5.97,1.14,0.286,61.6,5.54,0.34,6.68,7.08,0
2016,민태호,NC,2,0,0,1,0,25,0,28.1,5.72,4.76,0.64,0.341,65,6.04,0.35,5.45,5.7,0
2016,안상빈,KT,0,0,0,0,0,11,0,12,9,6.75,1.5,0.281,72.9,6,0.14,6.71,6.68,0.01
2016,전병두,SK,0,0,0,0,0,1,1,0.1,0,0,0,0,-,0,0.02,3.79,4.39,0.01
2016,박민규,삼성,0,0,0,0,0,6,0,6.1,5.68,7.11,0,0.35,75,4.26,0.04,4.9,5.16,0.01
2016,김사율,KT,0,1,1,1,0,25,0,30.1,8.01,5.04,1.19,0.275,66,5.34,0.03,5.51,5.42,0.01
2016,김경태,한화,0,0,0,0,0,10,0,11.2,9.26,6.94,1.54,0.429,69,7.71,0.03,6.28,6.11,0.01
2016,정현욱,LG,1,0,1,2,0,17,0,21,7.71,4.29,1.71,0.295,55.9,7.29,-0.09,6.41,6.41,0.02
2016,김유영,롯데,0,1,1,3,1,46,0,34.1,8.13,7.86,0.79,0.327,55.7,6.55,-0.17,5.66,5.65,0.02
2016,윤규진,한화,7,7,1,3,0,41,16,100.1,6.64,4.75,1.7,0.344,68,6.82,0.68,6.57,6.67,0.02
2016,이건욱,SK,0,0,0,0,0,1,0,0.2,13.5,0,0,0.667,0,27,-0.07,0.79,-0.28,0.02
2016,양훈,넥센,1,6,0,0,0,20,13,70.2,3.06,3.44,1.27,0.387,57.1,8.28,-0.54,6.14,6.56,0.02
2016,배장호,롯데,0,0,0,1,0,19,0,23.2,4.18,3.8,0.38,0.321,77.7,3.8,0.48,5.06,5.44,0.02
2016,김태훈,SK,0,1,0,0,0,15,2,14.2,5.52,7.36,0.61,0.292,78.9,4.3,0.17,5.7,5.99,0.03
2016,김승현,삼성,0,0,0,0,0,2,0,2,4.5,0,0,0.167,100,0,0.07,2.79,2.83,0.03
2016,함덕주,두산,0,0,0,0,0,15,0,8.2,7.27,11.42,0,0.37,71.4,6.23,0.11,5.64,5.88,0.03
2016,박한길,롯데,0,0,0,0,0,9,0,16.1,5.51,3.86,0.55,0.39,55.6,6.06,-0.14,4.83,5,0.04
2016,유원상,LG,2,1,0,1,0,19,0,24,5.62,4.88,1.12,0.35,67,6.38,0.4,5.92,6.13,0.04
2016,최성영,NC,0,0,0,0,0,7,0,4.2,7.71,3.86,0,0.533,90,1.93,0.1,3.36,3.21,0.06
2016,정영일,SK,1,0,0,1,0,21,0,24.2,6.57,4.38,1.09,0.206,67.2,4.74,0.41,5.74,5.85,0.06
2016,레온,삼성,0,1,0,0,0,2,2,8,7.88,1.12,2.25,0.519,52.6,11.25,-0.22,6.04,5.84,0.06
2016,박민호,SK,0,1,0,3,0,32,0,36.2,4.42,2.21,0.98,0.295,69.6,4.91,0.48,5.21,5.45,0.06
2016,최성훈,LG,2,1,0,4,0,28,0,22.2,3.18,4.37,0.4,0.374,53.8,7.15,-0.33,4.98,5.4,0.07
2016,임서준,NC,0,1,0,0,0,2,1,6.1,5.68,4.26,0,0.417,61.5,5.68,-0.02,3.95,4.07,0.07
2016,전인환,LG,0,0,0,0,0,5,0,6.1,7.11,4.26,0,0.235,100,0,0.32,4.11,4.16,0.07
2016,신용운,삼성,0,0,0,2,1,13,0,8,7.88,4.5,0,0.414,63.2,3.38,0.09,4.67,4.79,0.07
2016,신승현,LG,3,1,1,9,2,49,0,45.1,6.15,4.76,0.6,0.286,66.4,4.96,1.13,4.94,5.06,0.08
2016,홍성무,KT,0,0,0,0,0,8,0,9,12,1,2,0.36,65.2,4,0.02,4.35,3.54,0.08
2016,김명찬,KIA,0,0,0,1,0,11,0,13,6.92,2.77,0.69,0.372,72.8,4.85,0.13,4.41,4.36,0.08
2016,강영식,롯데,0,2,0,5,1,24,0,11.2,8.49,6.94,1.54,0.333,72.9,5.4,-0.11,6.45,6.38,0.09
2016,정재원,한화,0,0,0,0,0,14,0,21.1,6.75,3.8,0.84,0.351,54,7.59,-0.14,4.78,4.76,0.09
2016,이승현,LG,3,1,0,3,1,38,0,41,6.37,5.05,1.1,0.328,68.2,5.49,0.14,5.86,6.01,0.09
2016,심재민,KT,2,3,0,7,1,59,0,54.1,4.97,3.98,0.66,0.386,69.1,5.47,0.54,5.25,5.51,0.09
2016,권오준,삼성,1,3,0,7,1,41,0,46.1,6.8,2.14,1.75,0.3,85,3.88,0.95,5.71,5.65,0.11
2016,박준영,NC,1,3,0,5,1,32,0,33.2,8.82,4.81,1.07,0.337,51.5,6.95,-0.17,5.25,5.08,0.12
2016,김민수,KT,0,0,1,0,0,7,0,8,6.75,3.38,1.12,0.419,70.5,6.75,0.15,5.04,4.99,0.12
2016,하영민,넥센,1,1,0,1,0,11,1,28.2,4.71,2.83,0.63,0.337,77.7,3.14,0.77,4.8,5.02,0.12
2016,김강률,두산,0,2,0,4,0,25,0,28,6.75,5.46,0.64,0.354,67.8,5.14,0.35,5.26,5.36,0.13
2016,최동환,LG,2,0,1,0,0,26,0,34.2,5.71,4.15,0.52,0.262,67.8,4.41,0.76,5,5.2,0.13
2016,문승원,SK,4,4,0,0,0,20,12,63.2,6.93,4.66,1.7,0.361,66.5,6.64,0.09,6.4,6.44,0.13
2016,배재환,NC,1,1,0,0,0,11,1,22,6.14,3.68,0.41,0.246,61,4.09,0.41,4.25,4.28,0.13
2016,이창재,KT,3,1,1,2,0,47,0,40.1,8.48,3.35,1.34,0.347,72.4,5.13,0.71,5.11,4.88,0.14
2016,금민철,넥센,1,1,0,0,0,14,2,26.1,5.47,3.08,0.68,0.362,69.4,5.13,0.27,4.7,4.82,0.16
2016,김대우,삼성,6,0,0,11,1,67,0,66,5.05,2.59,1.09,0.329,71,5.05,1.51,5.34,5.52,0.16
2016,조무근,KT,2,0,0,4,0,38,0,38.2,7.22,6.28,1.16,0.432,63.4,8.61,0.75,6.2,6.3,0.16
2016,송신영,한화,0,1,0,0,0,11,3,14.1,4.4,1.26,0.63,0.426,74.2,5.02,0.14,4.35,4.53,0.16
2016,최원재,KT,0,0,0,0,0,10,0,9.1,10.61,3.86,0.96,0.407,47.9,8.68,-0.08,4.11,3.61,0.17
2016,송창현,한화,0,0,0,0,0,11,0,10.2,9.28,5.06,0,0.31,60,5.06,0.24,3.42,3.13,0.17
2016,고원준,두산,1,1,0,1,0,14,4,24.2,7.66,4.01,0.73,0.387,72.4,5.47,0.54,5.09,5.1,0.17
2016,김건한,삼성,1,0,0,0,0,3,3,9.2,6.52,2.79,0.93,0.25,69,3.72,0.32,4.93,4.95,0.18
2016,이용찬*,두산,1,0,0,2,0,5,0,6.2,6.75,0,0,0.333,71.4,2.7,0.22,2.29,2.06,0.18
2016,임찬규,LG,3,3,0,1,0,15,10,47,7.28,6.13,1.15,0.303,64.8,6.51,0.55,6.26,6.38,0.19
2016,전유수,SK,2,4,0,3,2,46,0,54.1,7.45,4.8,0.99,0.355,66.2,5.14,-0.33,4.95,4.85,0.19
2016,김현우,삼성,1,0,0,0,0,17,0,20.2,8.27,1.74,1.31,0.365,82.7,3.48,0.49,4.71,4.46,0.21
2016,안규영,두산,1,2,0,0,0,16,9,47.2,4.53,4.53,1.13,0.396,70.2,6.61,0.37,6.18,6.53,0.21
2016,정대훈,한화,1,0,0,0,0,36,0,38.2,6.05,2.33,0.7,0.341,63.2,4.89,0.59,4.23,4.22,0.22
2016,서진용,SK,0,0,0,3,0,25,0,26.2,10.12,4.39,1.01,0.324,67.9,4.72,0.44,4.47,4.07,0.22
2016,피노,KT,2,3,0,1,0,12,8,39,5.31,3.69,0.92,0.406,59.7,7.15,-0.19,5.41,5.61,0.23
2016,이준형,LG,2,6,0,0,0,25,13,71.1,4.42,5.68,0.5,0.335,62,6.18,0.84,5.56,5.94,0.23
2016,김택형,넥센,2,2,0,7,1,32,0,28.1,11.12,3.49,1.91,0.438,59.6,7.62,-0.38,5.24,4.67,0.23
2016,심동섭,KIA,5,2,1,13,2,54,0,37.2,7.88,5.02,1.19,0.339,63.5,6.45,0.42,5.76,5.73,0.24
2016,홍성용,KT,2,2,2,12,1,67,0,46.1,6.41,3.69,1.55,0.374,73.3,6.02,1.45,6.1,6.18,0.25
2016,이태양,한화,5,8,1,0,0,29,25,112.1,4.81,4.97,1.2,0.31,73.8,4.97,2.55,6.17,6.46,0.26
2016,노경은,롯데,3,12,0,0,1,22,20,94.2,4.94,4.56,1.24,0.348,62.7,6.85,0.44,6.16,6.43,0.27
2016,박준표,KIA,4,0,0,5,1,46,2,51.2,5.75,3.83,0.7,0.331,60.4,6.27,0.32,5.09,5.27,0.29
2016,임준혁,SK,2,6,0,0,0,12,11,34,5.29,2.65,1.59,0.389,46.2,10.06,-0.7,5.97,6.11,0.32
2016,오현택,두산,1,0,0,4,0,20,0,20.2,7.4,1.31,1.31,0.4,67.1,6.1,0.26,4.76,4.59,0.32
2016,엄상백,KT,1,5,1,8,1,52,6,73.1,7,4.91,0.98,0.366,60.4,6.75,0.35,5.41,5.45,0.33
2016,서캠프,한화,2,5,1,0,1,17,8,41.1,7.84,3.7,1.09,0.38,63.8,6.31,0.24,5.22,5.14,0.33
2016,윤길현,롯데,7,7,2,16,8,62,0,60,7.5,3.3,1.2,0.351,64.9,6,0.45,4.96,4.82,0.36
2016,한승혁,KIA,3,2,1,9,0,36,0,33.1,8.37,5.13,0.81,0.351,68.2,4.86,0.8,4.9,4.77,0.37
2016,장원삼,삼성,5,8,0,2,1,26,13,78.1,6.09,2.64,1.84,0.37,60,7.01,0.25,6.01,6.03,0.37
2016,이명우,롯데,2,3,0,6,0,45,2,33,6.82,4.91,1.36,0.343,43.4,9.27,-0.15,5.61,5.6,0.41
2016,고봉재,두산,3,0,0,0,0,25,0,23.1,6.94,0.77,0.39,0.403,56.2,6.17,-0.19,3.45,3.33,0.42
2016,진야곱*,두산,5,2,1,4,0,55,2,62,8.13,5.81,1.16,0.326,72.6,4.94,0.67,5.65,5.57,0.43
2016,정수민,NC,3,3,0,0,0,15,11,48,5.81,5.44,0.75,0.362,67.5,6.19,0.93,5.71,5.95,0.43
2016,송창식,한화,8,5,0,8,2,66,1,97.2,7.1,4.15,0.92,0.299,65.9,4.98,1.4,5.24,5.26,0.44
2016,홍성민,롯데,1,1,2,5,0,52,0,42.1,6.38,3.4,1.06,0.303,69.1,4.46,1.7,4.9,4.88,0.45
2016,박민석,NC,0,0,1,3,1,21,0,21.2,11.22,4.57,0.83,0.186,95,1.66,1.27,4.85,4.51,0.45
2016,박종훈,SK,8,13,0,0,0,28,28,140,6.69,5.85,1.09,0.304,66.2,5.66,1.72,6.33,6.53,0.45
2016,장필준,삼성,4,6,4,9,3,56,1,72,7.12,3.25,1.12,0.336,70.7,5.12,1.16,5.12,5.07,0.46
2016,이현승,두산,1,4,25,1,7,56,0,57.2,6.4,2.65,1.25,0.31,68.1,4.84,0.42,5.27,5.29,0.47
2016,박희수,SK,4,5,26,0,4,51,0,54.2,6.09,4.28,0.49,0.244,73.1,3.29,2.61,4.69,4.8,0.48
2016,장민재,한화,6,6,0,1,0,48,13,119.1,6.94,5.05,1.13,0.326,75.4,4.68,2.57,5.67,5.71,0.49
2016,박근홍,삼성,0,2,0,9,2,60,0,41,8.78,5.93,1.1,0.33,59.1,7.46,0.64,5.62,5.51,0.5
2016,플란데,삼성,2,6,0,0,0,13,13,68.2,7.34,4.33,1.7,0.353,55.7,7.6,-0.46,6.11,6.05,0.5
2016,배우열,KT,1,1,1,4,2,36,0,40.1,6.47,4.02,0.45,0.369,70.7,4.02,0.76,4.34,4.35,0.51
2016,코엘로,넥센,6,5,0,0,0,12,12,62,6.68,6.1,0.87,0.256,75.9,3.77,1.99,5.69,5.82,0.51
2016,홍상삼,두산,0,1,5,1,0,11,0,12,12.75,6.75,0,0.429,66.7,5.25,0.64,3.21,2.58,0.53
2016,송승준,롯데,1,2,0,0,0,10,10,41.1,7.62,4.57,1.31,0.412,54.8,8.71,-0.46,5.65,5.6,0.53
2016,정대현,KT,4,10,0,0,0,22,22,91.1,5.62,4.34,1.28,0.336,56.2,7.29,0.41,6,6.19,0.55
2016,구창모,NC,4,1,0,1,0,39,9,68.2,8.78,4.85,1.18,0.291,77.8,4.19,1.68,5.25,5.05,0.59
2016,고효준,KIA,0,2,0,2,0,24,6,46,10.17,5.67,1.17,0.369,60.1,6.07,0.29,5.18,4.85,0.59
2016,박진형,롯데,6,2,0,3,1,39,14,93,7.55,5.23,0.87,0.33,66.3,5.81,0.82,5.53,5.58,0.6
2016,정성곤,KT,0,7,0,0,0,28,9,66.1,6.24,4.48,0.54,0.332,56,5.83,-0.02,4.91,5.03,0.61
2016,장시환,KT,3,12,6,3,4,40,7,75.1,8,5.14,0.84,0.368,61.4,6.33,0.32,5.09,5.03,0.64
2016,최원태,넥센,2,3,0,0,0,17,11,61,6.2,3.39,0.89,0.388,61.1,7.23,-0.11,5.12,5.21,0.64
2016,이동현,LG,4,3,2,5,2,46,0,43.1,7.89,2.91,1.04,0.377,70.3,5.4,0.48,4.51,4.31,0.66
2016,김광수,KIA,2,6,7,14,4,54,0,52.1,6.71,3.78,0.86,0.36,70.7,5.16,1.2,4.75,4.71,0.66
2016,백정현,삼성,6,3,0,9,0,70,4,68.2,10.09,3.93,1.18,0.346,66,5.77,1.33,4.65,4.24,0.66
2016,라라,SK,2,6,0,1,0,17,9,48.1,7.45,5.59,0.93,0.394,56.7,6.7,0.01,5.41,5.4,0.67
2016,진해수,LG,0,4,1,16,2,75,0,54,8.83,6.17,0.83,0.34,74.2,4.67,1.15,4.98,4.81,0.69
2016,심수창,한화,5,5,2,6,0,66,10,113.1,6.04,4.61,1.11,0.34,63.2,5.96,1.16,5.64,5.77,0.69
2016,로저스,한화,2,3,0,0,0,6,6,37.2,5.73,2.87,0.72,0.333,65.6,4.3,0.85,4.67,4.75,0.69
2016,윤명준,두산,4,0,2,11,1,55,0,57,6.16,2.68,0.79,0.266,71.9,3.95,2.22,4.56,4.58,0.71
2016,김지용,LG,3,4,0,17,1,51,0,63,8,2.57,1.29,0.256,80.1,3.57,1.76,4.82,4.62,0.71
2016,웹스터,삼성,4,4,0,0,0,12,12,71,7.48,5.96,1.27,0.305,68.5,5.7,1.38,6.07,6.1,0.74
2016,오주원,넥센,3,2,2,7,0,55,0,51,7.06,3,0.53,0.309,68.9,4.41,1.28,4.22,4.17,0.75
2016,임창용,KIA,3,3,15,0,6,34,0,35,9.77,2.57,1.29,0.388,77.6,4.37,1.28,4.16,3.68,0.77
2016,임정호,NC,1,1,1,7,0,42,0,23.1,11.19,4.24,0,0.391,59.5,5.4,0.14,3.49,3.11,0.8
2016,고영표,KT,2,4,0,5,3,53,0,56.1,9.91,3.04,0.96,0.366,65.4,5.59,1.47,4.52,4.19,0.8
2016,박시영,롯데,2,3,0,1,0,42,2,61.2,8.32,4.23,0.88,0.319,65.8,5.4,0.7,4.57,4.37,0.81
2016,박주현,넥센,7,5,0,0,0,30,23,119,5.37,2.8,1.44,0.338,63.6,6.35,1.95,5.81,5.95,0.83
2016,장현식,NC,1,3,0,1,1,37,5,76.1,6.96,5.07,0.59,0.285,68.9,4.48,2.16,4.87,4.89,0.83
2016,윤석민,KIA,2,2,1,6,0,16,3,31,7.55,2.32,0.29,0.354,73.5,3.19,1.27,3.79,3.7,0.87
2016,김주한,SK,3,1,1,2,0,39,1,59.1,7.58,2.12,0.91,0.315,72.6,4.25,1.84,4.33,4.16,0.87
2016,윤지웅,LG,4,2,0,11,1,59,0,44,7.57,3.68,0.82,0.336,57.5,6.55,1.47,4.65,4.56,0.94
2016,채병용,SK,6,3,2,9,0,68,0,83.2,7.21,3.12,0.97,0.291,68.5,4.3,3.35,4.7,4.6,0.95
2016,홍건희,KIA,4,4,4,5,3,50,9,90.1,8.27,4.08,1,0.346,70.2,4.98,1.47,4.72,4.52,0.96
2016,최금강,NC,11,4,2,4,1,52,11,108,7,3.08,1.08,0.323,68.5,5,2.13,5.02,4.98,0.98
2016,박정진,한화,4,4,0,6,1,77,1,84,9.11,3.54,1.18,0.36,63.1,5.57,0.8,4.65,4.32,1
2016,이보근,넥센,5,7,0,25,2,67,0,64.2,7.79,3.76,0.42,0.337,67.5,4.45,1.69,4.15,4.04,1.05
2016,카스티요,한화,7,4,0,0,0,20,15,84,6.43,4.29,0.75,0.363,64.3,6.43,1.38,5.23,5.35,1.13
2016,윤희상,SK,9,6,0,0,0,23,22,122.2,5.43,3.23,1.32,0.319,73.9,4.84,3.22,5.72,5.86,1.17
2016,김상수,넥센,6,5,0,21,6,67,0,74,9.24,4.14,0.73,0.336,69.5,4.62,2.08,4.13,3.81,1.17
2016,권혁,한화,6,2,3,12,3,66,0,95.1,7.27,3.96,0.47,0.318,71.9,3.87,3.47,4.24,4.18,1.19
2016,로위,KT,3,6,0,0,0,14,13,60,10.2,5.85,0.9,0.393,65.7,6.3,0.84,5.02,4.74,1.21
2016,세든,SK,5,5,0,0,0,12,12,62,6.24,2.47,1.16,0.325,50.7,5.37,0.2,4.95,4.93,1.21
2016,마리몬,KT,6,4,0,0,0,12,12,62,6.53,4.21,0.44,0.302,62.8,5.23,1.77,4.66,4.75,1.24
2016,최영필,KIA,4,3,2,10,1,54,3,57.1,8.48,1.26,0.94,0.384,77,3.61,1.39,3.84,3.51,1.25
2016,손승락,롯데,7,3,20,0,5,48,0,50.2,8.53,4.26,0.89,0.392,77.8,4.26,2.28,4.54,4.32,1.27
2016,정재훈,두산,1,5,2,23,5,46,0,52.1,9.63,2.92,0.52,0.292,72.4,3.27,2.41,3.6,3.23,1.33
2016,이정민,롯데,5,2,2,9,0,66,0,77,7.01,2.45,0.7,0.336,79.5,3.16,2.94,4.22,4.13,1.4
2016,주권,KT,6,8,0,0,0,28,26,134,4.23,2.96,0.94,0.32,68.4,5.1,2.95,5.31,5.57,1.45
2016,맥그레거,넥센,6,3,0,0,0,14,14,90,6.1,2,1.3,0.33,66.2,5.2,1.91,5.05,5.03,1.55
2016,이민호,NC,9,9,2,3,0,45,21,130.2,7.03,3.79,1.24,0.339,66.7,5.51,2.02,5.42,5.4,1.63
2016,밴와트,KT,6,13,0,0,0,28,27,134.2,6.15,3.27,1.4,0.341,62.4,5.95,1.31,5.63,5.68,1.64
2016,임정우,LG,3,8,28,0,5,67,0,70.2,11.08,4.58,0.64,0.378,77.8,3.82,2.63,3.86,3.37,1.68
2016,우규민,LG,6,11,0,1,0,28,24,132,5.52,2.45,1.09,0.337,66.3,4.91,2.66,5.34,5.49,1.69
2016,윤성환,삼성,11,10,0,0,0,28,28,180,4.25,2.05,1.25,0.299,72.9,4.35,5.19,5.55,5.8,1.71
2016,원종현,NC,3,3,3,17,3,54,0,70.2,9.55,2.29,0.51,0.258,69.3,3.18,2.61,3.3,2.87,1.9
2016,김진성,NC,6,8,1,14,5,69,0,84.1,10.67,1.71,1.6,0.305,69.7,4.48,2.56,4.37,3.78,1.98
2016,송은범,한화,2,11,0,1,0,30,27,122,6.27,3.61,0.96,0.36,60.6,6.42,1.27,5.09,5.13,2.03
2016,임창민,NC,1,3,26,6,3,65,0,70,11.7,3.86,0.64,0.333,83.1,2.57,3.38,3.62,3.03,2.11
2016,밴헤켄,넥센,7,3,0,0,0,12,12,72,10.12,2.38,1.25,0.266,76.9,3.38,2.92,4.35,3.88,2.24
2016,김세현,넥센,2,0,36,0,8,62,0,62.1,7.22,1.01,0.29,0.333,76.9,2.6,3.4,2.94,2.7,2.32
2016,정우람,한화,8,5,16,1,7,61,0,81,9.44,2.89,0.78,0.286,72.4,3.33,3.74,3.74,3.34,2.35
2016,유희관,두산,15,6,0,0,0,30,29,185.2,4.94,2.81,1.07,0.312,73.8,4.41,5.98,5.27,5.44,2.4
2016,린드블럼,롯데,10,13,0,0,0,30,30,177.1,7.51,3.91,1.42,0.323,71.4,5.28,4.09,5.63,5.56,2.44
2016,심창민,삼성,2,6,25,4,6,62,0,72.2,9.41,3.22,0.74,0.279,74.4,2.97,3.07,3.89,3.52,2.46
2016,김재윤,KT,8,1,14,1,3,52,0,54.1,12.09,2.48,0.99,0.401,67.1,4.97,1.49,3.42,2.68,2.55
2016,허프,LG,7,2,0,1,0,13,11,74.2,5.54,1.08,0.24,0.294,60.6,3.13,2.84,3.31,3.29,2.61
2016,차우찬,삼성,12,6,0,0,0,24,24,152.1,7.09,3.84,0.95,0.336,70.4,4.73,3.89,5.02,4.99,2.7
2016,박세웅,롯데,7,12,0,0,0,27,27,139,8.61,4.01,1.1,0.357,64.2,5.76,2.34,4.94,4.72,2.8
2016,지크,KIA,10,13,0,0,0,30,29,152,7.4,4.03,0.95,0.357,65.8,5.27,2.82,4.96,4.88,2.87
2016,이재학,NC,12,4,0,0,0,26,24,127.2,9.45,3.81,1.34,0.344,73.8,4.58,3.44,5.04,4.71,2.9
2016,류제국,LG,13,11,0,0,0,29,29,161.1,7.7,3.9,0.78,0.305,71.6,4.3,5.3,4.9,4.85,3.08
2016,김광현,SK,11,8,0,1,0,27,21,137,7.62,2.69,1.12,0.307,72.7,3.88,4.4,4.7,4.53,3.19
2016,신재영,넥센,15,7,0,0,0,30,30,168.2,5.28,1.12,1.01,0.308,75,3.9,6.08,4.65,4.71,3.42
2016,장원준,두산,15,6,0,0,0,27,27,168,7.34,4.07,0.75,0.304,79.5,3.32,6.67,4.76,4.71,3.51
2016,스튜어트,NC,12,8,0,0,0,27,27,150,7.08,3.3,0.66,0.328,69.4,4.56,4.55,4.41,4.35,3.8
2016,피어밴드,KT,7,13,0,0,0,31,30,182,7.12,2.37,1.14,0.368,74.8,4.45,5.11,4.81,4.7,3.81
2016,해커,NC,13,3,0,0,0,23,23,140.2,7.61,1.98,0.9,0.292,75.6,3.46,5.97,4.27,4.09,4
2016,레일리,롯데,8,10,0,0,0,31,31,184.2,7.16,2.49,1.02,0.33,69.2,4.34,4.86,4.77,4.68,4.01
2016,양현종,KIA,10,12,0,0,0,31,31,200.1,6.56,3.46,0.85,0.292,71.5,3.68,6.64,4.75,4.73,4.11
2016,니퍼트,두산,22,3,0,0,0,28,27,167.2,7.62,3.06,0.81,0.289,79.6,2.95,7.5,4.44,4.3,4.43
2016,소사,LG,10,9,0,0,0,33,33,199,4.84,1.72,0.54,0.355,63.8,5.16,4.05,4.18,4.3,4.77
2016,보우덴,두산,18,7,0,0,0,30,30,180,8,2.7,0.85,0.288,69.7,3.8,6.79,4.24,4.03,5.4
2016,켈리,SK,9,8,0,0,0,31,31,200.1,6.83,2.7,0.67,0.316,72.1,3.68,7.1,4.25,4.18,5.54
2016,헥터*,KIA,15,5,0,0,0,31,31,206.2,6.05,2.22,0.3,0.313,69.7,3.4,8.06,3.71,3.7,6.61
2015,소사,LG,10,12,0,1,0,32,30,194.1,8.2,1.67,0.74,0.327,63.4,4.03,5.57,3.5,3.29,7.18
2015,밴헤켄,넥센,15,8,0,0,0,32,32,196.2,8.83,3.07,0.64,0.328,69.6,3.62,6.13,3.6,3.41,6.35
2015,해커,NC,19,5,0,0,0,31,31,204,7.24,1.59,0.62,0.276,71.5,3.13,8.5,3.78,3.69,6.1
2015,윤성환,삼성,17,8,0,0,0,30,30,194,7.61,1.39,1.25,0.302,76,3.76,6.7,4.35,4.2,4.97
2015,린드블럼,롯데,13,11,0,0,0,32,32,210,7.71,2.23,1.2,0.29,78.8,3.56,7.83,4.55,4.44,4.5
2015,우규민,LG,11,9,0,0,0,25,25,152.2,7.02,1,0.77,0.333,73.6,3.42,5.5,3.73,3.62,4.48
2015,켈리,SK,11,10,0,0,0,30,29,181,6.91,2.69,0.8,0.315,71.2,4.13,5.66,4.19,4.17,4.29
2015,스튜어트,NC,8,2,0,0,0,19,19,117.2,8.34,1.99,0.54,0.324,80.3,2.68,5.45,3.35,3.16,4.24
2015,김광현,SK,14,6,0,1,0,30,29,176.2,8.15,3.36,0.97,0.311,72.4,3.72,5.97,4.34,4.24,4.11
2015,양현종,KIA,15,6,0,1,0,32,31,184.1,7.67,3.81,0.88,0.277,87.2,2.44,9.69,4.56,4.55,3.72
2015,유희관,두산,18,5,0,0,0,30,30,189.2,5.98,2.09,1.09,0.296,75.2,3.94,7.52,4.62,4.66,3.67
2015,차우찬,삼성,13,7,0,1,0,31,29,173,10.09,3.85,1.46,0.304,70.6,4.79,4.15,4.83,4.59,3.66
2015,레일리,롯데,11,9,0,0,0,31,30,179.1,6.72,2.86,1,0.304,71.2,3.91,5.67,4.74,4.76,3.28
2015,장원준,두산,12,12,0,0,0,30,30,169.2,6.79,3.61,0.69,0.33,72.4,4.08,5.17,4.53,4.59,3.24
2015,피가로,삼성,13,7,0,0,0,25,25,165,6.38,2.78,0.87,0.283,77,3.38,6.14,4.51,4.56,3.12
2015,옥스프링,KT,12,10,0,0,0,31,31,185,6.91,3.21,1.12,0.321,70.5,4.48,4.16,4.93,4.95,2.84
2015,피어밴드,넥센,13,11,0,0,0,30,30,177.1,6.95,3.1,1.17,0.338,71.7,4.67,4.02,4.97,4.99,2.77
2015,로저스,한화,6,2,0,0,0,10,10,75.2,7.14,2.38,0.24,0.286,72.1,2.97,3.83,3.32,3.26,2.74
2015,루카스,LG,10,11,0,1,1,33,30,171.2,7.92,5.66,0.58,0.333,68.9,4.93,3.48,4.75,4.82,2.72
2015,정우람,SK,7,5,16,11,5,69,0,70,11.57,3.6,0.39,0.304,72.9,3.21,3.3,2.63,2.17,2.59
2015,클로이드,삼성,11,11,0,0,0,28,28,159.2,6.93,2.14,1.35,0.334,66.4,5.19,2.74,4.97,4.93,2.55
2015,박종훈,SK,6,8,0,0,0,33,23,118,8.01,4.04,0.53,0.34,65,5.19,2.23,4.36,4.34,2.54
2015,윤석민,KIA,2,6,30,0,8,51,0,70,8.74,3.09,0.51,0.339,80.5,2.96,3.34,3.23,3,2.52
2015,니퍼트,두산,6,5,0,0,0,20,16,90,7.6,3.3,0.4,0.36,64.3,5.1,1.63,3.74,3.69,2.47
2015,한현희,넥센,11,4,0,10,1,45,17,123.1,8.9,2.99,1.02,0.327,68.6,4.82,2.58,4.43,4.26,2.42
2015,탈보트,한화,10,11,0,0,0,30,30,156.1,6.91,4.89,0.63,0.312,67.1,4.72,3.52,4.8,4.91,2.37
2015,장시환,KT,7,5,12,0,5,47,0,74.2,9.04,3.38,0.12,0.356,68.6,3.98,2.76,2.87,2.66,2.37
2015,김재윤,KT,1,2,0,6,1,42,0,44.2,14.1,2.42,0.6,0.426,65.7,4.23,1.34,2.09,1.34,2.23
2015,송승준,롯데,8,7,0,0,0,25,23,125,8.06,3.31,1.22,0.312,70,4.75,3.12,4.77,4.68,2.2
2015,임창용,삼성,5,2,33,0,5,55,0,54,11.83,2.17,0.33,0.339,75.6,2.83,2.16,2.24,1.71,2.13
2015,손민한,NC,11,6,0,0,0,26,19,105,4.29,1.29,0.69,0.315,58.9,4.89,1.99,4.22,4.37,2.05
2015,안지만,삼성,4,3,0,37,4,66,0,78.1,11.03,2.99,0.92,0.366,80.8,3.33,3.13,3.49,3.08,2.04
2015,이재학,NC,10,8,0,1,0,29,23,125,8.35,4.18,1.22,0.289,78.4,4.1,3.94,5.11,5.06,1.91
2015,스와잭*,두산,5,7,0,1,0,20,17,92.1,7.02,2.92,0.88,0.352,66.2,5.26,1.34,4.39,4.38,1.83
2015,조무근,KT,8,5,4,2,1,43,1,71.2,10.42,4.02,0.38,0.297,74.6,1.88,2.68,3.31,3.03,1.8
2015,임준혁,KIA,9,6,0,2,0,27,21,118.2,5.54,3.26,0.83,0.309,73.5,4.1,3.51,4.85,5.01,1.7
2015,스틴슨,KIA,11,10,0,0,0,32,30,167,5.01,3.45,0.81,0.314,68,4.96,3.27,5.07,5.29,1.66
2015,심수창,롯데,4,6,5,3,2,39,6,73.1,9.33,3.56,1.1,0.407,63.3,6.01,0.7,4.28,4.07,1.66
2015,마야,두산,2,5,0,0,0,13,13,68.1,8.17,4.08,0.79,0.374,51.5,8.17,0.18,4.43,4.38,1.64
2015,임창민,NC,1,5,31,0,4,61,0,64,10.12,2.95,0.98,0.318,73.7,3.8,1.97,3.72,3.4,1.63
2015,임정우,LG,6,9,5,3,3,54,11,109,8.17,4.13,0.66,0.361,69.4,5.04,1.69,4.4,4.36,1.61
2015,밴와트,SK,5,3,0,0,0,12,12,56.1,7.99,2.08,0.8,0.376,71.8,4.63,1.36,3.79,3.64,1.58
2015,이태양*,NC,10,5,0,0,0,29,25,137.1,7.41,2.62,1.25,0.309,81.3,3.67,4.35,5.04,5,1.47
2015,조상우,넥센,8,5,5,19,3,70,0,93.1,8.58,3.95,0.39,0.258,71.4,3.09,3.51,3.71,3.6,1.46
2015,저마노,KT,3,6,0,1,0,15,14,76.2,4.7,1.76,0.82,0.378,69.6,4.93,1.56,4.46,4.6,1.37
2015,박정진,한화,6,1,1,15,1,76,0,96,8.62,3.66,0.75,0.289,77.9,3.09,3.57,4.06,3.93,1.34
2015,윤지웅,LG,3,1,0,12,1,78,0,62,7.84,2.47,0.44,0.263,64.1,3.77,1.86,3.37,3.25,1.28
2015,이현승,두산,3,1,18,2,6,41,0,46.2,7.91,1.93,0.58,0.318,77.7,2.89,2.62,3.34,3.15,1.22
2015,유먼,한화,4,6,0,0,0,17,17,91.2,5.5,3.73,0.88,0.307,68.6,4.52,1.76,5.01,5.19,1.2
2015,이동현,LG,5,5,4,11,4,60,0,59.1,8.34,3.03,0.61,0.359,66.3,4.4,2.16,3.5,3.32,1.19
2015,이현호,두산,6,1,0,2,0,49,7,86,9.1,3.66,0.84,0.314,71.3,4.19,2.12,4.16,4,1.18
2015,류제국,LG,4,9,0,0,0,24,23,130,6.09,3.81,1.11,0.302,72.5,4.78,3.11,5.43,5.58,1.14
2015,함덕주,두산,7,2,2,16,0,68,0,61.2,11.09,6.71,0.58,0.327,74.2,3.65,2.8,4.28,4.1,1.12
2015,윤희상,SK,5,9,0,0,0,21,21,93.1,6.46,3.28,1.45,0.338,65.9,5.88,1.21,5.39,5.45,1.11
2015,손승락,넥센,4,6,23,0,6,58,0,61.1,9.24,1.91,0.88,0.372,67,3.82,1.03,3.52,3.22,1.11
2015,심창민,삼성,6,3,0,9,0,61,0,67.1,12.16,3.21,0.94,0.313,69.7,4.28,1.01,3.51,3.03,1.1
2015,이민호,NC,6,5,0,10,3,64,6,96,9.66,3.84,1.41,0.342,68.2,5.06,1.91,4.88,4.67,1.07
2015,윤규진,한화,3,2,10,3,2,40,0,50.2,8.53,3.73,0.53,0.279,80.6,2.66,2.33,3.56,3.4,0.94
2015,임정호,NC,1,2,0,14,0,80,0,48,10.12,5.06,0.38,0.269,69.8,3.75,1.25,3.84,3.67,0.91
2015,세든,SK,7,5,0,0,0,14,14,74,8.15,3.41,1.46,0.327,73,4.99,2.11,5.25,5.18,0.91
2015,장원삼,삼성,10,9,0,0,0,26,25,136.2,7.05,3.29,1.91,0.302,65.7,5.8,1.54,5.91,5.92,0.88
2015,전유수,SK,3,6,1,5,0,66,0,77.2,9.73,4.87,1.04,0.295,73.7,4.4,1.91,4.58,4.4,0.83
2015,안영명,한화,10,6,0,1,0,35,27,125.1,5.89,4.31,1.08,0.313,70.1,5.1,2.49,5.54,5.73,0.82
2015,진야곱*,두산,5,9,0,4,1,47,14,102.2,9.47,5.96,1.05,0.383,59.1,7.01,-0.36,5.11,5.05,0.81
2015,김대우,넥센,6,3,1,4,1,47,1,71,7.99,3.93,1.01,0.351,69.3,4.94,0.91,4.83,4.79,0.75
2015,심동섭,KIA,3,1,1,21,1,69,0,57.1,11.15,6.75,1.1,0.305,69.7,5.02,1.57,4.98,4.78,0.71
2015,에반,KIA,4,0,0,4,0,16,1,26.1,8.54,4.44,0,0.405,65.9,4.44,0.39,3.31,3.24,0.66
2015,신재웅,SK,0,1,0,9,0,61,0,50.1,8.76,3.04,0.89,0.424,75.6,4.11,1.17,4.21,4.05,0.66
2015,김세현,넥센,4,5,0,6,1,57,4,90.1,8.47,2.79,1.39,0.299,74,4.38,1.76,4.91,4.77,0.63
2015,송은범,한화,2,9,4,1,1,33,14,70.1,6.14,3.84,1.28,0.38,63.4,7.04,-0.01,5.55,5.69,0.63
2015,정대현,KT,5,11,0,0,0,30,26,118,6.25,4.73,1.45,0.328,69.9,5.19,1.61,6,6.18,0.61
2015,엄상백,KT,5,6,0,0,0,28,22,100,7.02,4.5,1.35,0.365,66.3,6.66,0.55,5.81,5.91,0.6
2015,박근홍,삼성,2,2,0,8,1,66,0,48.2,10.17,4.62,0.55,0.303,75.6,2.96,1.33,4.01,3.81,0.57
2015,김승회,롯데,7,3,2,2,1,39,7,75,6,3.36,1.56,0.34,69.2,6.24,1.25,5.7,5.8,0.52
2015,송신영,넥센,7,4,0,0,0,18,16,69,6,2.87,1.57,0.304,70.1,5.35,1.58,5.59,5.68,0.52
2015,김태영,KIA,0,2,0,4,0,27,0,26,10.38,2.77,1.04,0.458,73.1,5.19,0.48,4.19,3.88,0.48
2015,양훈,넥센,2,1,0,0,0,16,3,38.1,3.52,3.29,0.23,0.262,83.3,1.41,1.66,4.27,4.59,0.48
2015,홍성용,KT,0,4,0,10,0,42,0,39.2,7.03,2.95,0.68,0.305,72.5,3.86,0.9,4.32,4.31,0.46
2015,김성배,롯데,2,3,1,5,2,45,0,39.2,7.49,4.31,0.45,0.377,54.9,7.71,-0.21,3.97,3.95,0.45
2015,고영표,KT,3,4,0,0,1,46,0,57,9,3,0.32,0.391,61.9,5.68,0.29,3.86,3.71,0.45
2015,이명우,롯데,2,1,0,6,0,59,5,59,5.19,3.05,0.76,0.365,60.2,5.64,0.69,4.63,4.79,0.42
2015,박준표,KIA,2,2,0,3,0,37,2,46,6.46,2.15,0.78,0.34,59,6.26,0.07,4.29,4.29,0.42
2015,오현택,두산,1,3,0,13,2,61,0,56,7.23,2.57,0.96,0.329,65.2,5.3,0.69,4.31,4.24,0.41
2015,최금강,NC,6,5,1,14,1,78,0,89.2,6.12,3.71,1.1,0.256,77.6,3.71,2.88,5.39,5.53,0.41
2015,박세웅,롯데,2,11,0,0,0,31,21,114,6.47,4.26,1.26,0.322,66,5.76,1.07,5.71,5.85,0.4
2015,문성현,넥센,0,5,0,1,0,34,13,91.2,5.69,3.83,0.98,0.333,57.6,6.28,-0.29,5.21,5.39,0.39
2015,홍성민,롯데,4,4,1,8,3,67,0,82,7.13,2.63,0.88,0.324,75.1,3.95,1.72,4.4,4.35,0.37
2015,어윈,KT,1,7,0,0,0,12,12,56,6.59,3.38,1.61,0.419,56.6,8.68,-0.8,5.7,5.77,0.36
2015,정찬헌,LG,3,6,1,5,1,32,0,44,6.55,2.86,0.61,0.354,64.3,5.52,0.59,4.21,4.23,0.36
2015,김광수,KIA,4,4,0,9,1,41,1,43.2,4.53,2.68,0.41,0.333,67.5,4.53,0.72,4.16,4.36,0.36
2015,윤길현,SK,0,4,13,17,5,70,0,62.2,8.9,5.17,1.01,0.298,82.4,3.16,2.25,4.72,4.63,0.35
2015,강영식,롯데,2,1,2,6,1,50,0,38.2,10.71,2.33,1.4,0.362,69.7,4.19,0.52,4.03,3.63,0.34
2015,이상화,롯데,3,8,0,0,0,14,12,55,5.73,4.09,1.15,0.337,61,6.55,0.48,5.42,5.6,0.34
2015,신용운,삼성,1,1,0,2,0,35,0,25.2,7.71,5.61,0.7,0.371,59.8,7.01,0.76,4.78,4.84,0.34
2015,최원재,KT,2,1,0,3,0,36,0,33,6.55,3.27,0.55,0.39,76.1,3.82,0.59,4.22,4.27,0.33
2015,허준혁,두산,3,2,0,0,0,16,14,63,6.43,5.86,1,0.249,69.5,3.57,1.55,5.82,6.05,0.32
2015,백정현,삼성,0,0,0,2,0,31,1,28,11.89,6.43,0.96,0.403,69.7,6.11,0.34,4.51,4.23,0.3
2015,서진용,SK,0,0,0,0,0,18,0,21.1,10.12,2.53,1.69,0.356,66.9,5.91,0.25,4.37,3.99,0.29
2015,김진성,NC,3,4,5,12,4,59,0,66,9.55,2.45,1.91,0.274,73.6,4.5,1.28,5.12,4.84,0.28
2015,장진용,LG,1,3,0,0,0,11,9,32.1,5.57,1.95,1.39,0.345,60.4,6.4,0.06,5.5,5.61,0.28
2015,박정배,SK,2,2,0,2,0,24,0,25.1,9.95,4.62,1.07,0.328,69.8,5.33,0.34,4.37,4.13,0.26
2015,진해수,LG,2,2,0,4,0,39,0,28.1,6.35,5.08,0.64,0.329,65.7,5.72,0.97,5.34,5.56,0.25
2015,서재응,KIA,1,4,0,0,0,9,9,40,3.6,1.8,1.12,0.348,72.4,4.95,0.88,5.42,5.69,0.24
2015,윤명준,두산,4,6,6,7,5,60,0,68,6.35,3.97,1.19,0.304,78.4,3.97,2.21,5.34,5.44,0.23
2015,시스코,KT,0,6,0,2,0,17,5,39,9.69,5.77,1.15,0.355,58.5,6.23,-0.51,5.28,5.2,0.22
2015,김택형,넥센,4,4,0,2,0,37,10,58,8.53,6.52,1.09,0.4,58.9,7.91,-0.66,5.77,5.86,0.22
2015,정대현,롯데,2,1,3,3,1,19,0,18.1,8.35,3.44,1.47,0.271,91.3,2.95,0.76,5.36,5.28,0.22
2015,김지용,LG,1,1,0,0,0,24,0,32.2,7.71,3.31,1.1,0.286,74.9,4.13,0.79,4.5,4.42,0.21
2015,안상빈,KT,0,0,0,0,0,13,0,16,14.06,6.75,0.56,0.489,66.5,5.06,0.01,3.74,3.29,0.21
2015,봉중근,LG,5,2,15,0,5,47,2,49.1,7.11,4.2,1.82,0.355,81.3,4.93,1.73,6.19,6.24,0.2
2015,하영민,넥센,2,0,0,0,0,18,2,34.2,6.49,3.12,1.82,0.376,61.3,7.53,-0.11,6.01,6.08,0.2
2015,채병용,SK,4,4,0,1,0,33,8,83,8.46,2.93,1.84,0.36,70.5,6.07,0.7,5.45,5.31,0.19
2015,김병현,KIA,0,5,0,2,0,23,8,49,6.98,3.31,1.29,0.392,67.3,6.98,-0.05,5.64,5.7,0.18
2015,정대훈,한화,1,1,0,2,1,51,0,36,3,3.5,1,0.317,73.2,4.75,0.75,5.73,6.12,0.18
2015,이승현,LG,0,0,0,0,0,15,0,15.1,12.33,5.87,0.59,0.342,63.6,5.87,0.26,3.88,3.54,0.16
2015,신승현,LG,0,1,0,3,0,37,0,35.2,7.57,4.54,0.76,0.296,70.9,4.79,0.58,4.71,4.72,0.15
2015,김원중,롯데,0,0,0,1,0,15,0,20.1,8.85,6.64,0.44,0.333,63.8,5.75,0.12,4.8,4.83,0.15
2015,김진우,KIA,1,0,0,1,0,4,2,13,8.31,6.23,0.69,0.344,82.5,3.46,0.41,5.08,5.15,0.14
2015,박정수,KIA,0,3,0,0,0,19,4,42.1,5.32,4.04,0.85,0.305,61.7,5.53,0.26,5.43,5.68,0.14
2015,윤근영,KT,1,4,0,2,0,17,7,32,5.91,5.91,0.84,0.32,66.3,5.62,0.27,5.87,6.17,0.14
2015,박진우,NC,1,1,0,0,0,10,0,14.1,5.02,1.26,0.63,0.367,82.5,3.14,0.39,4.03,4.12,0.14
2015,배우열,KT,0,0,0,1,1,12,0,16,9.56,2.25,1.12,0.404,67.6,5.62,0.06,3.87,3.57,0.13
2015,박명환*,NC,1,1,0,0,0,11,4,26,5.19,1.73,2.08,0.337,84.3,4.85,0.56,6.38,6.51,0.13
2015,정인욱,삼성,2,2,1,0,0,12,4,29.1,8.9,4.91,1.53,0.385,60.8,8.28,-0.12,5.69,5.64,0.13
2015,조현근,삼성,0,0,0,1,0,22,0,19.1,5.12,3.26,0.47,0.279,65,3.26,0.31,4.39,4.58,0.12
2015,김민우,한화,1,3,0,0,0,36,8,70,6.43,4.89,0.64,0.304,68.5,5.14,1.2,5.04,5.21,0.11
2015,임지섭,LG,1,2,0,0,0,8,8,31.2,10.52,10.23,0.85,0.238,63.7,6.25,0.34,6.11,6.22,0.11
2015,임준섭,한화,1,0,0,2,0,22,0,19.1,8.38,6.05,0.47,0.41,71.8,3.72,0.39,4.13,4.11,0.11
2015,김민수,KT,0,1,0,1,0,15,1,23.1,6.94,5.01,0.39,0.358,61,5.79,-0.14,4.43,4.55,0.1
2015,찰리,NC,4,5,0,0,0,12,12,53.1,4.89,3.21,1.35,0.335,66,5.74,0.31,5.94,6.18,0.09
2015,백인식,SK,1,2,0,0,0,7,4,20.2,6.1,4.79,0.87,0.338,70.2,4.79,0.11,5.41,5.61,0.09
2015,권혁,한화,9,13,17,6,8,78,0,112,7.07,4.26,1.21,0.318,70.8,4.98,2,5.15,5.19,0.08
2015,손정욱,NC,1,0,0,0,0,20,1,23.1,6.56,3.47,1.16,0.415,69.4,6.56,-0.01,4.99,5.05,0.08
2015,권오준,삼성,0,0,0,0,0,30,0,28,7.71,2.89,1.61,0.329,50,8.04,-0.24,5.62,5.56,0.07
2015,최영필,KIA,5,2,0,10,3,59,0,63,7.29,1.14,1.14,0.282,78.9,2.86,1.5,4.12,3.98,0.06
2015,장현식,NC,0,0,0,0,0,2,0,2,13.5,9,0,0.5,60,9,0.02,3.62,3.34,0.06
2015,양현,두산,0,0,0,0,0,13,0,10.1,6.1,0,1.74,0.447,78.1,5.23,0.28,5.65,5.62,0.06
2015,김용주,한화,1,1,0,0,0,2,2,8,3.38,6.75,0,0.182,70,3.38,0.28,5.12,5.66,0.04
2015,김광삼,LG,0,1,0,0,0,4,4,15.2,6.32,5.17,1.15,0.292,56,5.74,-0.02,5.79,5.99,0.03
2015,박진형,롯데,0,0,0,0,0,2,0,1.1,6.75,0,0,0.4,100,0,0.06,2.12,1.93,0.02
2015,김준,KIA,0,0,0,0,0,6,0,4.1,2.08,4.15,0,0.353,75,2.08,0.12,4.54,5.05,0.02
2015,한기주,KIA,0,0,0,0,0,7,0,8.1,4.32,5.4,0,0.379,75,3.24,0.07,4.46,4.83,0.02
2015,김명찬,KIA,0,0,0,0,0,3,0,4,4.5,2.25,0,0.333,100,0,0.18,4.12,4.35,0.02
2015,구본범,한화,0,0,0,0,0,3,0,1,9,18,0,0,100,0,0.04,7.62,8.31,0.02
2015,오장훈,두산,0,0,0,0,0,1,0,1,18,9,0,0.5,100,0,0.03,2.62,1.91,0.02
2015,이승호,NC,0,1,0,0,0,1,1,1,9,9,0,0.6,0,36,-0.24,4.62,4.77,0.01
2015,박한길,한화,0,0,0,0,0,10,0,13.2,5.93,7.9,0,0.354,58.1,8.56,-0.13,5.15,5.53,0.01
2015,이정훈,넥센,0,0,0,0,0,2,0,2,0,0,0,0.333,33.3,4.5,-0.06,3.62,4.07,0.01
2015,허준혁,롯데,0,0,0,0,0,3,0,1.2,0,0,0,0.5,16.7,21.6,-0.06,3.62,4.07,0.01
2015,차재용,롯데,0,0,0,0,0,2,0,1.1,0,6.75,0,0,-100,0,0.05,5.87,6.74,0.01
2015,윤석주,SK,0,0,0,0,0,1,0,1.1,0,0,0,0.333,100,0,0.04,3.62,4.07,0.01
2015,조영우,한화,0,0,0,0,0,1,0,1,0,0,0,0,-,0,0.04,3.62,4.07,0.01
2015,김정인,넥센,0,0,0,0,0,1,0,1,0,0,0,0,-,0,0.03,3.62,4.07,0.01
2015,정광운,한화,0,0,0,0,0,2,0,1.1,6.75,6.75,0,0.4,66.7,6.75,-0.01,4.37,4.59,0
2015,윤강민,NC,0,0,0,0,0,2,0,1,9,27,0,0.667,16.7,45,0.04,13.62,15.12,0
2015,문수호,NC,0,0,0,0,0,2,0,0,-,-,-,1,50,-,0,-,-,0
2015,임경완,한화,0,0,0,0,0,1,0,0,-,-,-,-,50,-,0,-,-,0
2015,이혜천,NC,0,0,0,3,0,29,0,17.1,5.19,3.63,1.56,0.235,65.7,5.19,0.15,6.27,6.51,0
2015,이창욱,SK,0,0,0,0,0,2,0,3,3,6,0,0.2,50,6,0,4.95,5.49,0
2015,구자형,넥센,0,0,0,0,0,3,0,2.2,3.38,6.75,0,0.4,50,10.12,-0.06,5.12,5.66,-0.01
2015,금민철,넥센,1,1,0,0,0,7,5,22,4.5,5.73,0.82,0.307,78.5,4.5,0.61,5.98,6.39,-0.01
2015,허유강,한화,0,0,0,0,0,5,0,2.2,3.38,6.75,0,0.143,40,10.12,-0.01,7.37,8.11,-0.01
2015,김건한,삼성,1,1,0,0,0,16,1,16.1,3.31,4.41,0.55,0.385,71.4,6.06,0.17,5.33,5.77,-0.01
2015,최영환,한화,0,0,0,0,0,1,0,1.1,6.75,13.5,0,0.4,50,0,-0.06,6.62,7.25,-0.01
2015,이대환,NC,0,0,0,0,0,1,0,0.1,0,0,0,0.667,33.3,54,-0.08,12.62,13.86,-0.02
2015,김기표,KT,0,0,0,0,0,14,0,10.1,5.23,1.74,1.74,0.29,62.5,6.1,0.12,5.84,5.96,-0.02
2015,김태훈,SK,0,0,0,0,0,1,0,0.1,0,27,0,0,0,27,-0.04,12.62,14.72,-0.02
2015,이용호,두산,0,0,0,0,0,2,0,0.1,0,54,0,0.667,25,81,-0.04,21.62,25.37,-0.02
2015,배재환,NC,0,0,0,0,0,1,0,1,18,27,0,0.5,50,18,-0.07,8.62,9.01,-0.02
2015,조현우,롯데,0,0,0,0,0,3,0,4,9,2.25,4.5,0.125,83.3,4.5,-0.02,8.87,8.67,-0.03
2015,황덕균,KT,0,0,0,0,0,3,0,3.2,4.91,12.27,0,0,40,7.36,-0.05,6.62,7.35,-0.03
2015,이한진,SK,0,0,0,0,0,3,0,4.2,1.93,9.64,0,0.222,66.7,3.86,0,6.4,7.26,-0.03
2015,마일영,한화,0,0,0,0,0,2,0,0.1,0,27,0,0,50,0,0.01,21.62,24.5,-0.03
2015,문재현,한화,0,0,0,0,0,2,0,0.1,0,81,0,0.5,50,54,0.01,30.62,36.02,-0.04
2015,이재영,SK,1,0,0,1,0,26,0,31,7.55,3.77,1.16,0.327,73.3,4.65,0.52,5.16,5.17,-0.04
2015,마정길,넥센,0,0,0,0,0,35,0,37.1,7.96,4.1,0.96,0.302,69.3,5.06,0.55,5.09,5.09,-0.04
2015,이경우,롯데,0,0,0,0,0,1,0,1.2,0,5.4,5.4,0.167,62.5,10.8,-0.05,13.22,14.08,-0.04
2015,신창호,KIA,0,0,0,0,0,5,0,5.2,6.35,6.35,1.59,0.188,45.5,7.94,-0.11,6.62,6.88,-0.05
2015,정재훈,롯데,0,0,0,0,0,10,0,6.1,7.11,8.53,1.42,0.536,68,7.11,-0.18,6.93,7.25,-0.05
2015,변진수,두산,1,0,0,0,0,1,0,1.2,5.4,16.2,0,0.25,60,10.8,-0.11,9.62,10.7,-0.06
2015,유원상,LG,1,1,0,1,0,25,0,37,5.35,2.92,1.46,0.319,64.5,5.59,-0.11,5.59,5.73,-0.06
2015,홍성무,KT,0,1,0,0,0,23,0,28,7.07,2.89,1.61,0.313,76.5,4.82,0.22,5.44,5.43,-0.06
2015,정회찬,넥센,0,0,0,0,0,1,0,1,9,9,9,0.333,125,9,-0.03,17.62,17.89,-0.06
2015,윤기호,한화,0,0,0,0,0,3,0,2.2,0,3.38,3.38,0.125,62.5,6.75,-0.01,9.62,10.33,-0.06
2015,박민호,SK,1,1,0,1,0,20,0,27.1,3.95,2.96,1.32,0.247,60.5,4.28,0.25,5.85,6.15,-0.07
2015,김건태,넥센,0,2,0,1,0,13,1,15.1,6.46,5.87,1.17,0.346,62.9,7.04,-0.26,6.42,6.69,-0.07
2015,박종기,두산,0,0,0,0,0,3,0,2.1,7.71,11.57,3.86,0.5,71.4,11.57,-0.08,11.33,11.81,-0.07
2015,김기현,한화,1,0,0,3,0,54,0,41.1,6.97,6.53,1.09,0.277,79,4.35,0.87,5.96,6.18,-0.09
2015,이윤학,KT,0,0,0,0,0,2,0,3,12,6,6,0.636,36.6,24,-0.27,11.62,11.38,-0.09
2015,이종석,KIA,0,0,0,0,0,2,0,4,6.75,4.5,4.5,0.471,43.5,15.75,-0.22,10.12,10.27,-0.09
2015,김선규,LG,2,0,0,2,0,31,0,31.2,5.4,2.84,1.42,0.293,87.2,3.13,0.65,5.42,5.53,-0.09
2015,남경호,두산,0,0,0,0,0,5,0,9,10,7,2,0.15,58.8,6,-0.11,6.95,6.94,-0.09
2015,고창성,NC,0,0,0,0,0,6,0,9.2,2.79,3.72,0.93,0.27,83.3,3.72,0.13,6.2,6.69,-0.09
2015,정재원,한화,0,0,0,0,0,3,0,4,9,6.75,4.5,0.3,57.7,11.25,-0.08,10.37,10.44,-0.1
2015,이정민,롯데,1,4,1,5,2,34,0,44.2,7.25,6.25,0.81,0.404,67.1,5.84,0.66,5.25,5.4,-0.1
2015,김수완,두산,0,0,0,0,0,9,2,15.1,7.63,5.28,2.35,0.375,66.9,8.8,-0.08,7.66,7.8,-0.1
2015,심재민,KT,2,3,0,1,0,50,1,56.1,4.63,6.71,0.48,0.346,63.5,6.87,-0.33,5.67,6.11,-0.1
2015,심규범,롯데,0,1,0,1,0,16,0,6.1,8.53,8.53,1.42,0.353,69,7.11,-0.19,6.14,6.24,-0.1
2015,김현우,삼성,0,0,0,0,0,11,0,12.1,10.22,3.65,3.65,0.3,76.9,7.3,-0.11,8.07,7.85,-0.11
2015,임현준,삼성,0,0,0,0,0,7,0,6.1,8.53,2.84,4.26,0.364,34.1,11.37,-0.26,8.83,8.71,-0.11
2015,장민재,한화,0,0,0,0,0,4,0,4,6.75,15.75,2.25,0.571,54.8,18,-0.2,9.87,10.54,-0.11
2015,장필준,삼성,0,0,0,0,0,2,1,4,9,0,4.5,0.5,41.7,15.75,-0.29,8.12,7.78,-0.11
2015,민태호,NC,1,0,0,0,0,21,0,25.2,7.36,8.06,0.7,0.333,72.8,4.91,0.05,6.03,6.31,-0.11
2015,주권,KT,0,2,0,0,0,15,3,24.1,4.81,3.33,2.22,0.402,61.4,8.51,-0.21,7.11,7.36,-0.12
2015,박성호,한화,0,0,0,1,0,16,0,20.2,5.23,4.79,0.87,0.319,66.3,4.79,0.03,5.31,5.56,-0.12
2015,최대성,KT,0,0,0,0,0,8,0,2.2,0,23.62,3.38,0.273,72.9,13.5,-0.02,16.37,18.31,-0.12
2015,김상수,넥센,0,1,0,0,0,2,1,5,3.6,9,1.8,0.409,51.5,10.8,-0.29,8.42,9.1,-0.12
2015,김범수,한화,0,2,0,0,0,15,0,14.2,6.14,12.27,0,0.244,61.3,7.36,-0.06,6.55,7.19,-0.13
2015,조승수,두산,0,0,0,0,0,1,0,1,9,9,9,0.333,125,9,-0.03,17.62,17.89,-0.13
2015,문광은,SK,1,5,1,11,1,53,1,64.1,7.55,3.78,1.82,0.368,63.1,6.85,-0.42,5.78,5.74,-0.13
2015,홍건희,KIA,2,5,1,0,0,38,7,82,9.44,6.26,1.98,0.31,68.4,6.04,0.08,6.46,6.41,-0.13
2015,오주원,넥센,0,2,0,0,0,9,4,18.1,5.4,5.89,1.96,0.415,65.1,9.33,-0.22,7.38,7.72,-0.13
2015,문경찬,KIA,1,3,0,0,0,8,4,27.2,4.88,3.25,2.28,0.374,50.9,9.76,-0.53,7.01,7.25,-0.13
2015,김명성,두산,1,0,0,0,0,17,0,17.1,5.19,5.71,1.04,0.397,66.3,7.79,-0.19,6.04,6.38,-0.13
2015,최동환,LG,0,0,0,0,0,17,0,20.2,9.15,2.61,3.05,0.391,69.5,8.27,-0.23,7,6.79,-0.14
2015,배장호,롯데,0,2,0,0,0,9,5,28.2,2.83,3.14,1.57,0.294,67.4,6.59,0.12,6.72,7.15,-0.15
2015,김동준,넥센,1,1,0,0,0,22,5,50.1,5.72,5.36,1.25,0.302,60.6,6.44,-0.17,6.12,6.39,-0.15
2015,이준형,LG,0,2,0,0,0,4,2,5.2,7.94,14.29,1.59,0.316,64.1,6.35,-0.23,8.91,9.45,-0.15
2015,이원재,두산,1,0,0,0,0,12,0,10.2,4.22,10.12,1.69,0.442,60.9,12.66,-0.2,8.77,9.49,-0.16
2015,배힘찬,넥센,0,1,0,0,0,7,0,6.2,1.35,8.1,1.35,0.31,61.6,6.75,-0.17,7.52,8.28,-0.17
2015,이성민*,롯데,5,7,4,7,6,61,0,72.2,7.18,4.09,1.36,0.348,74.8,4.58,1.06,5.39,5.42,-0.18
2015,김사율,KT,0,0,0,0,1,21,0,25.2,8.42,3.86,1.4,0.439,52.7,8.06,-0.35,5.17,5.08,-0.18
2015,한승혁,KIA,2,6,0,6,3,49,0,56,9,5.95,1.12,0.327,68.1,5.46,-0.31,5.06,5.01,-0.18
2015,이창재,KT,0,1,0,3,0,38,0,33,8.73,3.27,2.18,0.319,53.9,6.82,-0.62,6.1,5.97,-0.19
2015,김강률,두산,3,1,0,3,1,16,0,14.2,4.3,6.14,0.61,0.271,84.1,2.45,0.24,5.59,6.02,-0.19
2015,강장산,NC,0,0,0,0,0,20,0,25.2,3.16,5.26,1.05,0.27,68.6,5.61,0.08,6.42,6.92,-0.19
2015,고효준,SK,0,3,0,0,0,30,2,51,7.59,5.47,1.41,0.338,69.6,6.18,0,6.03,6.14,-0.23
2015,장민익,두산,0,0,0,0,0,4,0,4,9,18,9,0.467,37.3,29.25,-0.46,20.62,21.44,-0.23
2015,이인복,롯데,0,0,0,0,0,9,1,20.1,3.98,3.54,1.77,0.395,52,10.18,-0.55,6.76,7.11,-0.24
2015,이상민,넥센,0,1,0,1,0,23,0,19.1,5.59,4.66,1.86,0.373,52.2,10.71,-0.56,7.08,7.36,-0.27
2015,노경은,두산,1,4,4,0,3,47,0,58.1,6.33,5.71,0.93,0.291,72.8,4.47,1.07,5.66,5.88,-0.29
2015,박희수,SK,0,0,0,2,1,14,1,10,10.8,7.2,2.7,0.37,89.9,5.4,0.21,7.82,7.75,-0.32
2015,이동걸,한화,2,0,0,0,0,32,0,44.1,5.08,5.68,1.62,0.331,78.7,4.47,0.53,6.8,7.13,-0.34
2015,노성호,NC,1,2,0,0,0,17,3,23.2,9.51,8.75,3.04,0.379,62.5,10.65,-0.77,8.81,8.94,-0.35
2015,임기준,KIA,1,3,0,0,0,17,6,34,6.88,7.15,1.06,0.347,63.5,6.62,-0.09,7.06,7.4,-0.35
2015,이재곤,롯데,0,2,0,0,0,5,5,13,6.23,12.46,0.69,0.378,75.8,6.23,0.29,8.31,9.02,-0.37
2015,김기태,삼성,3,0,0,0,0,23,0,29.1,7.06,3.07,3.38,0.287,68.6,7.06,-0.24,7.94,7.97,-0.38
2015,구승민,롯데,0,2,0,0,0,11,3,29,6.21,2.79,2.79,0.378,54.1,10.24,-0.5,7.41,7.5,-0.38
2015,이재우,두산,0,2,0,9,1,37,1,46,9.2,5.48,1.76,0.294,68.3,6.26,-0.11,6.27,6.24,-0.44
2015,험버,KIA,3,3,0,0,0,12,11,50.2,6.22,5.68,1.95,0.325,73,6.75,0.24,7.25,7.51,-0.45
2015,배영수,한화,4,10,0,1,1,32,21,101,4.99,3.48,1.87,0.307,56.9,7.04,-1.17,6.78,7.04,-0.45
2015,정성곤,KT,2,6,0,0,0,20,15,58,6.36,7.91,1.86,0.359,64.5,8.53,-0.16,7.58,7.95,-0.54
2015,유창식*,KIA,0,8,0,0,1,27,12,54.2,5.6,6.59,1.48,0.33,58.5,7.9,-1.01,6.87,7.23,-0.62
2015,송창식,한화,8,7,0,11,0,64,10,109,7.18,5.28,2.39,0.279,71.5,6.44,1.07,7.29,7.42,-0.86
2018,소사,LG,9,7,0,0,0,25,25,170.1,8.93,1.27,0.69,0.326,71.3,3.17,6.73,3.31,2.99,7.17
2018,윌슨,LG,9,4,0,0,0,22,22,141.1,8.28,1.72,0.64,0.322,75.8,3.06,6.15,3.61,3.41,5.27
2018,린드블럼,두산,14,4,0,0,0,25,25,162.2,8.41,2.05,0.89,0.273,79.4,2.93,7.44,4.07,3.87,5.05
2018,샘슨,한화,13,8,0,0,0,26,26,148.2,11.32,4.06,0.97,0.314,67.4,4.48,4.22,4.17,3.72,4.97
2018,양현종,KIA,12,9,0,0,0,25,25,163,7.56,1.99,1.05,0.318,76.2,3.7,5.9,4.35,4.26,4.19
2018,최원태,넥센,13,7,0,0,0,23,23,134.1,6.77,2.34,0.54,0.325,71.6,3.95,4.49,4.13,4.16,3.81
2018,브리검,넥센,7,7,0,0,0,25,25,161,7.83,2.46,0.89,0.315,71.6,4.19,4.84,4.52,4.42,3.74
2018,켈리,SK,11,7,0,0,0,23,23,127,9.21,2.91,0.92,0.317,67.4,4.54,3.37,4.34,4.09,3.71
2018,고영표,KT,5,9,0,0,0,23,22,136,8.47,1.59,1.12,0.374,64.4,5.29,2.41,4.39,4.15,3.6
2018,이재학,NC,5,11,0,0,0,25,25,135.2,7.1,2.32,0.73,0.307,68,4.25,4.04,4.28,4.27,3.36
2018,니퍼트,KT,6,7,0,0,0,23,22,137.2,8.76,2.03,1.5,0.359,75.8,4.64,3.43,4.86,4.62,3.3
2018,헥터,KIA,9,9,0,0,0,24,24,141.1,7.32,1.78,1.27,0.356,67.6,4.84,2.93,4.66,4.59,3.13
2018,김광현,SK,9,6,0,0,0,20,20,109.1,8.15,2.14,0.99,0.277,84.7,2.63,5.45,4.21,4.07,3.09
2018,아델만,삼성,8,10,0,0,0,25,25,142.1,6.96,2.66,1.01,0.329,68.9,4.87,3.76,4.84,4.88,3.03
2018,보니야,삼성,6,8,0,0,0,25,25,147.2,8.11,3.11,1.1,0.339,66.1,4.94,2.78,4.83,4.75,2.99
2018,후랭코프,두산,17,3,0,0,0,25,25,132.2,7.67,3.19,0.81,0.263,73.9,3.8,5.37,4.77,4.74,2.96
2018,레일리,롯데,9,10,0,0,0,25,25,144.2,8.27,2.8,1.12,0.333,66.9,4.98,3.01,4.81,4.68,2.95
2018,피어밴드,KT,6,6,0,0,0,22,22,138.1,7.87,2.34,1.3,0.321,72.2,4.29,3.59,4.83,4.74,2.69
2018,박종훈,SK,11,7,0,0,0,24,24,126.1,7.2,2.92,0.85,0.304,70.4,4.27,3.7,4.75,4.77,2.67
2018,듀브론트,롯데,6,8,0,0,0,24,24,134.2,7.22,3.94,0.74,0.346,70.7,4.61,3.36,4.76,4.84,2.59
2018,왕웨이중,NC,6,8,0,0,0,19,19,109.2,6.57,2.87,0.74,0.332,67.8,4.02,3.1,4.4,4.49,2.55
2018,산체스,SK,8,6,0,1,0,25,23,134.1,7.57,2.21,1.61,0.299,69.2,4.56,3.61,5.32,5.26,2.43
2018,이용찬,두산,12,3,0,0,0,20,19,110.1,5.95,2.53,0.82,0.303,74.1,3.67,4.48,4.56,4.71,2.38
2018,로저스,넥센,5,4,0,0,0,13,13,83,7.05,1.73,0.76,0.328,69.9,3.8,2.64,4.12,4.08,2.36
2018,함덕주,두산,5,2,26,3,4,54,0,61.1,10.57,4.7,0.59,0.309,83.3,2.64,4.32,3.99,3.66,2.22
2018,휠러,한화,3,9,0,0,0,19,19,101.2,8.32,3.01,1.06,0.379,70.9,5.13,2.02,4.78,4.66,2.12
2018,베렛,NC,5,9,0,0,0,23,23,125.1,8.47,3.38,1.51,0.331,74.9,5.03,2.87,5.42,5.32,2.02
2018,최충연,삼성,2,6,5,16,5,61,0,72,11.38,2.75,0.62,0.365,70.9,4,2.24,3.12,2.57,1.91
2018,한현희,넥센,9,7,0,0,0,25,24,146.1,5.72,2.52,1.11,0.331,72,4.74,3.61,5.35,5.54,1.7
2018,임찬규,LG,10,10,1,0,0,24,22,121.1,7.2,3.26,1.34,0.354,71.1,5.49,2.33,5.49,5.54,1.57
2018,손승락,롯데,1,4,19,0,6,43,0,43.1,9.14,3.32,0.21,0.31,64.7,4.36,1.34,3,2.73,1.55
2018,윤규진,한화,2,5,0,0,0,16,15,79.1,8.74,2.72,1.47,0.346,64.5,5.56,1.34,5.08,4.9,1.53
2018,노경은,롯데,6,5,0,0,0,27,13,96.2,6.24,2.05,1.02,0.294,70,4,2.7,4.7,4.79,1.52
2018,김태훈,SK,7,3,0,4,2,47,4,79.2,8.59,2.71,0.9,0.326,69.6,4.07,1.34,4.13,3.95,1.46
2018,구창모,NC,4,10,0,0,0,29,20,113.1,7.54,3.49,1.27,0.335,72.2,4.92,2.68,5.29,5.31,1.44
2018,장필준,삼성,4,4,6,11,3,52,0,55.1,10.57,3.74,0.65,0.312,72.8,3.74,2.28,3.88,3.48,1.43
2018,박치국,두산,1,5,3,17,2,62,0,64,8.3,2.11,0.56,0.372,74.9,3.66,1.78,3.74,3.5,1.37
2018,문승원,SK,6,8,1,0,0,25,22,121,6.4,2.45,1.56,0.333,73.4,5.06,2.64,5.58,5.7,1.33
2018,김재윤,KT,6,4,13,0,6,48,0,47,9.38,2.11,1.72,0.363,74.5,4.6,1.19,4.68,4.33,1.26
2018,김원중,롯데,5,7,0,0,0,24,24,116,9.31,4.58,1.71,0.365,65.1,7.06,0.63,5.93,5.8,1.26
2018,백정현,삼성,5,7,1,0,0,21,19,103.1,6.53,2.44,1.39,0.329,70.8,4.88,2.42,5.29,5.39,1.24
2018,배영수,한화,2,3,0,0,0,11,11,55.2,7.6,2.43,0.97,0.356,58.8,6.63,0.48,4.62,4.54,1.19
2018,박상원,한화,3,2,0,6,0,55,0,45.1,9.73,2.98,0.4,0.339,79.4,2.38,1.82,3.37,3.03,1.17
2018,팻딘,KIA,4,7,0,1,0,25,20,113,6.53,1.83,1.67,0.345,64.2,6.13,1.19,5.41,5.46,1.09
2018,유희관,두산,7,8,0,0,0,23,22,107,5.38,2.44,1.18,0.371,62.6,6.9,0.86,5.23,5.48,1.08
2018,조상우,넥센,1,2,9,0,5,18,0,19,10.89,2.84,0.47,0.333,57.5,3.79,0.84,3.36,2.87,1.01
2018,김상수,넥센,1,2,14,14,5,47,0,46,11.35,3.52,1.37,0.339,68.3,5.28,1.06,4.4,3.9,1.01
2018,정우람,한화,4,3,32,0,4,46,0,43.1,7.89,2.08,0.83,0.279,78.8,2.7,1.85,4.11,3.98,1
2018,정찬헌,LG,5,3,25,0,5,56,0,54,7.33,2.67,0.5,0.341,67.7,4.83,0.98,3.98,3.93,0.99
2018,강윤구,NC,6,1,0,16,0,58,0,44.1,10.76,3.86,1.42,0.274,62.8,5.08,1.52,4.85,4.47,0.98
2018,윤성빈,롯데,1,5,0,0,0,14,10,45.2,11.04,5.91,0.99,0.374,63.5,6.7,0.51,4.97,4.69,0.95
2018,차우찬,LG,9,9,0,0,0,25,25,141.1,7.32,4.39,1.59,0.308,63.8,6.5,2.12,6.05,6.17,0.92
2018,금민철,KT,8,9,0,0,0,24,24,135.1,4.99,3.72,1.13,0.347,73.7,4.92,3.28,5.68,6.06,0.9
2018,우규민,삼성,2,1,0,9,1,38,0,47.2,7.55,1.7,0.38,0.375,75.9,3.59,1.39,3.58,3.46,0.87
2018,심창민,삼성,5,2,17,5,7,52,0,59,9.46,2.29,1.22,0.248,79.2,3.2,2.37,4.61,4.28,0.83
2018,윤희상,SK,1,1,1,7,1,36,0,37,8.76,1.7,0.97,0.324,64.4,4.86,1.43,3.86,3.58,0.82
2018,이보근,넥센,5,5,0,20,3,54,0,49.1,7.84,2.19,1.09,0.333,61.3,4.93,0.87,4.52,4.4,0.78
2018,헤일,한화,2,1,0,0,0,6,6,33,6.82,1.36,1.09,0.209,79.4,2.45,1.63,4.35,4.33,0.77
2018,송은범,한화,4,3,1,10,3,56,0,66.1,6.65,4.07,0.27,0.299,79.2,2.17,2.46,4.19,4.34,0.76
2018,이태양,한화,4,2,0,10,0,51,0,67,9.94,2.96,1.07,0.275,79.9,2.69,2.34,4.25,3.89,0.76
2018,송승준,롯데,3,4,0,0,0,17,10,57.1,8.63,3.92,1.1,0.382,65.8,5.97,0.29,4.96,4.87,0.71
2018,오주원,넥센,3,5,1,14,3,53,0,46,5.87,2.15,1.17,0.299,61.3,5.48,1.48,4.87,5.01,0.71
2018,진명호,롯데,5,4,1,9,1,55,0,54.2,9.22,7.41,0.99,0.271,75.1,4.12,1.81,5.4,5.4,0.71
2018,신정락,LG,1,3,0,4,0,40,1,43.2,9.27,2.47,0.62,0.393,63.7,5.15,0.29,3.76,3.47,0.7
2018,안영명,한화,7,2,0,8,1,42,1,53.2,6.54,2.18,1.34,0.353,71.4,5.2,0.87,5.1,5.16,0.68
2018,한승혁,KIA,5,3,0,0,0,17,15,72.2,6.69,4.58,0.87,0.349,61.8,6.44,0.58,5.21,5.41,0.65
2018,장원삼,삼성,3,1,0,0,0,8,8,38,6.39,3.08,0.95,0.339,61.4,6.16,0.59,4.88,5.03,0.63
2018,이영하,두산,7,3,0,2,0,35,12,93,7.06,4.06,1.06,0.332,68,5.71,1.17,5.41,5.52,0.6
2018,김범수,한화,3,3,0,5,0,43,2,38,9.71,4.5,1.42,0.353,72.8,5.45,0.85,5.3,5.12,0.56
2018,김성민,넥센,2,1,0,4,0,41,1,40.2,8.85,4.43,0.89,0.376,57,6.64,0.58,4.69,4.56,0.52
2018,엄상백,KT,1,7,2,7,3,42,0,33.2,8.82,3.48,1.07,0.38,59.6,6.15,-0.21,4.66,4.4,0.49
2018,오현택,롯데,2,2,0,20,3,56,0,51.2,9.23,1.92,1.39,0.331,77.1,3.66,1.36,4.6,4.3,0.49
2018,배재준,LG,1,0,0,0,0,10,3,22,9.41,5.73,0.41,0.29,61.3,3.68,0.34,4.38,4.29,0.49
2018,윤영삼,넥센,1,0,1,0,0,12,0,20.1,9.74,1.33,0,0.382,56,3.98,0.27,2.26,1.82,0.48
2018,구승민,롯데,5,1,0,9,1,48,0,55.2,9.22,4.2,1.29,0.25,83,3.4,1.7,4.94,4.75,0.46
2018,김재영,한화,6,3,0,1,0,24,19,102.1,4.75,2.9,1.23,0.322,68.7,5.54,1.62,5.87,6.22,0.43
2018,해커,넥센,5,2,0,0,0,10,10,61.2,5.69,2.77,1.46,0.283,76.4,4.38,1.78,5.79,6.02,0.43
2018,이상화,KT,0,0,2,3,1,11,0,10.1,12.19,4.35,0,0.261,75,2.61,0.32,2.86,2.29,0.42
2018,신재웅,SK,2,2,11,6,3,44,0,42.2,7.8,4.22,0.21,0.291,76.9,1.48,1.42,3.88,3.9,0.41
2018,이명우,롯데,0,1,0,2,0,51,1,40.2,4.43,1.99,0.22,0.326,45,5.31,0.33,3.76,4.07,0.41
2018,김윤동,KIA,6,4,2,15,1,49,0,63.1,8.24,5.68,1.14,0.28,79.3,3.98,1.96,5.44,5.48,0.41
2018,김성훈,한화,0,1,0,0,0,5,2,15,11.4,4.2,0.6,0.314,79.5,3,0.55,3.56,3.12,0.4
2018,최성영,NC,2,2,0,0,0,19,8,50,8.82,3.24,1.8,0.316,62.7,6.48,0.37,5.67,5.52,0.39
2018,임기준,KIA,3,1,2,2,3,40,0,39.1,7.09,2.75,1.6,0.328,72.8,4.58,0.89,5.64,5.68,0.39
2018,김강률,두산,4,0,6,9,3,55,0,56.1,9.27,3.51,1.12,0.357,62.7,5.75,0.89,4.66,4.45,0.38
2018,윤성환,삼성,5,7,0,0,0,21,21,105.2,6.47,2.38,1.96,0.355,65.6,6.81,0.57,6.27,6.38,0.37
2018,김세현,KIA,1,6,4,0,4,35,0,35.2,6.56,4.29,1.01,0.377,61.5,7.07,-0.57,5.09,5.23,0.36
2018,임기영,KIA,8,8,0,1,1,20,15,86.2,5.61,2.49,1.77,0.337,71.9,5.5,1.27,6.21,6.41,0.35
2018,김지용,LG,5,6,1,13,5,48,0,47,8.04,1.72,1.91,0.313,67.3,5.36,0.54,5.45,5.29,0.34
2018,김민우,한화,5,7,0,0,0,18,17,84,6.43,3.43,1.71,0.35,65.3,6.64,0.86,6.31,6.48,0.34
2018,권오준,삼성,3,1,1,1,0,36,0,34.1,9.96,3.15,1.57,0.309,73.2,4.46,0.44,5.02,4.71,0.33
2018,서진용,SK,3,2,1,10,0,39,0,42.1,10.63,2.98,2.13,0.33,70.2,5.53,0.63,5.46,5.03,0.31
2018,박희수,SK,1,1,0,4,1,32,0,31,8.13,3.48,0.29,0.348,74.6,3.19,0.65,3.89,3.82,0.31
2018,윤석민,KIA,0,4,8,0,1,18,3,32.1,6.12,1.67,1.95,0.337,73.3,5.29,0.59,5.75,5.84,0.28
2018,심재민,KT,4,5,2,3,2,44,0,41,7.9,3.73,1.1,0.362,69.5,4.61,0.49,4.83,4.78,0.27
2018,이현승,두산,1,0,0,6,0,36,0,27,6,4.33,0.67,0.349,81,3.33,0.96,4.9,5.16,0.26
2018,이민호,NC,4,3,14,0,6,45,0,47,7.85,3.45,1.34,0.281,67,3.83,0.51,5.23,5.21,0.25
2018,정성곤,KT,1,0,0,2,0,10,0,12.1,9.49,3.65,0,0.324,81.2,2.19,0.51,2.94,2.7,0.25
2018,윤근영,KT,1,0,0,0,0,15,0,13.2,10.54,5.27,0.66,0.444,54.3,8.56,-0.25,3.98,3.67,0.23
2018,원종현,NC,2,4,2,17,4,50,0,55.1,4.88,3.09,0.65,0.341,69.7,4.72,1.8,4.82,5.17,0.23
2018,장시환,롯데,1,0,0,1,1,30,0,33.2,10.69,4.81,1.34,0.34,70,4.81,0.24,5.17,4.86,0.22
2018,김건태,NC,2,2,0,0,0,18,7,46.2,6.36,3.66,0.96,0.295,69.1,4.24,1.18,5.48,5.66,0.21
2018,곽빈,두산,3,1,1,4,2,32,0,31,7.55,4.94,1.74,0.38,68.3,7.55,0.1,6.6,6.73,0.21
2018,홍성용,KT,2,0,0,6,0,46,0,38.2,8.15,3.26,1.4,0.327,73.6,4.89,0.77,5.36,5.29,0.2
2018,김대현,LG,2,7,0,0,0,20,17,86.1,5.21,4.07,1.15,0.357,57.3,7.51,-0.88,5.96,6.33,0.2
2018,임창용,KIA,3,4,4,4,4,31,6,52.2,9.06,3.25,1.71,0.312,68.1,5.98,0.83,5.82,5.61,0.16
2018,여건욱,LG,0,0,0,0,0,17,1,22.1,6.04,3.22,0.4,0.356,69.1,4.84,0.29,4.55,4.69,0.15
2018,박진형,롯데,3,2,0,1,4,13,0,13,7.62,5.54,0.69,0.489,65.4,6.23,0.14,5.21,5.36,0.15
2018,양창섭,삼성,5,4,0,0,0,13,13,61,5.31,3.84,1.33,0.329,71.1,5.75,1.38,6.24,6.58,0.14
2018,김진영,한화,0,0,0,0,0,1,1,4.2,5.79,1.93,0,0.286,60,3.86,0.15,3.19,3.32,0.14
2018,이형범,NC,1,1,0,0,0,17,4,47.1,3.8,4.37,0.95,0.317,64.4,5.32,0.68,5.69,6.25,0.12
2018,서균,한화,1,1,1,10,3,52,0,35.2,5.3,3.53,1.26,0.282,69.4,5.05,1.36,6.16,6.47,0.12
2018,임현준,삼성,0,1,0,3,0,33,0,22,9,3.68,1.23,0.208,70.2,4.5,0.28,5.38,5.2,0.11
2018,박근홍,삼성,2,0,0,0,0,22,0,23,10.57,4.7,1.17,0.368,59.8,7.43,-0.13,5.53,5.2,0.11
2018,박정수,KIA,0,0,0,0,0,10,0,12.1,10.22,2.19,1.46,0.273,37.9,7.3,-0.04,4.88,4.45,0.11
2018,배우열,KT,0,0,0,0,0,5,0,5.2,14.29,4.76,0,0.438,80,1.59,0.1,2.24,1.43,0.11
2018,박신지,두산,0,0,0,0,0,6,0,10,9,2.7,0.9,0.222,93,1.8,0.34,4.03,3.81,0.1
2018,정인욱,삼성,1,0,0,0,0,12,0,22.1,7.25,2.82,0.81,0.319,65.2,4.43,-0.1,4.73,4.72,0.09
2018,이승현,삼성,1,0,0,2,0,13,0,12.1,7.3,2.92,1.46,0.381,70.8,6.57,0.13,5.78,5.79,0.09
2018,배민관,LG,0,0,0,0,0,7,0,8,10.12,4.5,0,0.273,90.9,1.12,0.27,3.46,3.17,0.09
2018,문경찬,KIA,0,2,0,0,1,21,0,43,7.74,2.93,1.67,0.306,76.8,4.81,0.53,5.57,5.53,0.09
2018,김택형,SK,0,0,0,0,0,2,0,2.1,19.29,0,0,0,-,0,0.1,-0.46,-2.26,0.08
2018,고효준,롯데,2,2,0,4,0,30,0,25,9,7.2,0.72,0.25,65.3,5.04,0.17,5.27,5.35,0.08
2018,심동섭,KIA,0,0,0,1,0,7,0,5.2,7.94,4.76,0,0.368,60,6.35,0.13,3.65,3.69,0.08
2018,고창성,KT,2,0,0,5,0,32,0,32,5.62,1.97,1.69,0.36,74.6,5.62,0.68,6.05,6.23,0.07
2018,김유신,KIA,0,0,0,0,0,8,1,9.2,4.66,3.72,0,0.353,23.5,12.1,-0.5,4.35,4.74,0.06
2018,윤길현,롯데,0,2,0,1,1,19,0,20.1,8.85,3.54,1.33,0.361,62.5,6.64,0.09,4.96,4.82,0.06
2018,장민재,한화,4,1,0,1,0,28,0,41.2,6.26,3.67,1.08,0.275,69.2,4.54,0.78,5.29,5.5,0.05
2018,조정훈,롯데,0,0,0,0,0,7,0,4.1,10.38,8.31,0,0.353,-8.3,16.62,-0.24,5.68,5.57,0.05
2018,진해수,LG,2,2,0,13,1,56,0,37.2,6.93,3.11,1.43,0.384,60.7,7.41,0.07,5.56,5.6,0.05
2018,김민,KT,2,0,0,0,0,4,4,17.1,6.23,4.67,1.04,0.275,83.3,3.63,0.62,6.02,6.28,0.04
2018,김승현,삼성,1,3,0,2,0,28,0,32.1,8.07,4.18,0.84,0.429,78.4,4.45,0.46,4.91,4.85,0.04
2018,김건국,롯데,0,0,0,0,0,1,0,1,18,0,0,0,-,0,0.04,-0.17,-1.8,0.04
2018,박세웅,롯데,1,4,0,0,0,8,8,33.1,5.94,5.13,1.35,0.405,65.7,8.1,-0.02,6.44,6.79,0.04
2018,김승회,두산,2,3,2,10,1,45,0,43.2,5.98,4.12,1.03,0.284,76.3,3.71,1.1,5.5,5.76,0.03
2018,이종혁,KT,0,4,1,4,2,36,0,36.1,5.2,3.72,0.99,0.353,70.9,4.71,0.4,5.18,5.48,0.03
2018,배제성,KT,0,0,0,0,0,2,0,2,4.5,0,0,0.143,0,0,0.03,2.83,3.01,0.03
2018,홍성민,롯데,0,0,0,0,0,2,0,1.1,6.75,0,0,0.571,50,13.5,-0.06,2.33,2.2,0.02
2018,최지광,삼성,0,0,0,0,0,6,0,8.2,7.27,7.27,0,0.355,33.3,11.42,-0.31,4.64,4.94,0.02
2018,임창민,NC,0,1,3,0,1,8,0,7,11.57,2.57,2.57,0.3,55.6,6.43,-0.25,5.4,4.77,0.02
2018,장지훈,삼성,0,0,0,0,0,1,0,1,9,0,0,0.333,100,0,0.04,1.83,1.4,0.02
2018,정태승,롯데,0,0,0,0,0,2,0,1.2,16.2,10.8,0,0.25,33.3,0,-0.04,3.83,3.18,0.02
2018,정재원,SK,0,0,0,0,0,1,0,2,0,0,0,0.545,16.7,22.5,-0.3,3.83,4.61,0.02
2018,임준혁,SK,0,0,0,0,0,6,0,7.1,2.45,3.68,0,0.4,60,7.36,-0.07,4.51,5.21,0.01
2018,유재유,두산,0,0,0,0,0,4,1,6,7.5,3,1.5,0.421,77.6,6,0.03,6.33,6.3,0.01
2018,최건,KT,0,0,0,0,0,2,0,2,9,9,0,0.556,57.1,13.5,-0.09,4.83,5.02,0.01
2018,심규범,NC,0,0,0,0,0,1,0,0.2,0,0,0,0.333,100,0,0.02,3.83,4.61,0
2018,배장호,롯데,1,1,0,0,0,24,0,23.1,4.63,3.86,1.16,0.316,61.5,6.17,-0.39,5.76,6.14,0
2018,문성현,넥센,0,0,0,0,0,1,0,1,9,9,0,0.333,100,0,0.03,4.83,5.02,0
2018,고영창,KIA,0,0,0,0,0,2,0,0,-,-,-,1,0,0,0,0,0,0
2018,이우석,NC,0,0,0,0,0,1,0,0.1,27,27,0,-,100,0,0.01,6.83,5.83,0
2018,전인환,LG,0,0,0,0,0,2,0,3.2,4.91,7.36,0,0.3,100,0,0.14,5.19,5.81,0
2018,김정인,넥센,0,1,0,0,0,2,2,7.1,4.91,3.68,1.23,0.433,66.3,8.59,-0.1,6.15,6.53,0
2018,한주성,두산,0,0,0,0,0,3,0,4,2.25,2.25,0,0.421,70,6.75,-0.05,4.83,5.43,0
2018,김진욱,한화,0,0,0,0,0,3,1,5.2,6.35,4.76,0,0.3,66.7,6.35,-0.02,5.59,5.78,0
2018,박정준,넥센,0,0,0,0,0,2,0,2,9,4.5,0,0,66.7,0,0.02,6.33,6.08,0
2018,정성종,롯데,0,0,0,0,0,5,0,5.1,8.44,3.38,1.69,0.333,69.8,6.75,0.01,6.08,5.97,-0.01
2018,최성훈,LG,0,0,0,3,0,24,0,16.2,7.56,4.86,2.16,0.289,93.5,3.78,0.46,6.89,6.99,-0.01
2018,이현호,두산,0,0,1,0,0,11,0,17.1,7.79,3.63,1.56,0.339,62,7.27,-0.05,5.73,5.74,-0.01
2018,홍상삼,두산,1,0,0,0,0,17,0,14.2,7.98,7.36,0.61,0.316,78.1,4.3,0.26,5.6,5.77,-0.01
2018,이영준,넥센,0,0,0,0,0,2,0,2,9,13.5,0,0.6,44.4,22.5,-0.09,6.33,6.82,-0.01
2018,김태오,KT,1,0,0,0,0,2,0,6.1,7.11,7.11,0,0.278,90.9,0,0.36,5.09,5.38,-0.01
2018,윤지웅,LG,0,0,0,0,0,10,0,6.1,5.68,4.26,0,0.391,73.3,4.26,0.01,5.41,5.65,-0.02
2018,임정우,LG,0,0,0,0,0,2,0,0.2,13.5,27,0,0.5,100,0,0.03,9.83,10.64,-0.02
2018,이동현,LG,2,1,0,4,1,32,0,30.2,6.16,2.05,1.76,0.346,41.3,9.1,-0.57,5.98,6.1,-0.02
2018,김용하,삼성,0,0,0,0,0,2,0,1.2,5.4,10.8,0,0,66.7,0,0,8.03,8.74,-0.02
2018,송창식,한화,1,0,0,1,0,9,0,8.2,5.19,3.12,2.08,0.333,73.8,6.23,0.07,6.71,7.05,-0.02
2018,이승호,넥센,1,2,0,4,0,26,0,26,9,6.58,1.38,0.31,73.1,5.88,0.4,6.25,6.27,-0.02
2018,봉민호,SK,0,0,0,0,0,1,0,1.1,13.5,0,6.75,0,0,6.75,-0.01,10.58,9.7,-0.02
2018,박시영,롯데,0,0,0,0,0,17,1,24.1,6.29,3.7,2.22,0.325,57.8,8.14,-0.17,6.87,7.11,-0.02
2018,손주영,LG,0,2,0,0,0,4,3,11.2,5.4,10.8,0,0.333,62.1,8.49,-0.02,6.74,7.51,-0.02
2018,유원상,NC,1,4,0,5,2,40,0,46.1,5.44,3.3,0.97,0.352,61.5,6.6,-0.75,5.38,5.65,-0.02
2018,정영일,SK,1,0,0,10,1,38,0,34.2,6.75,4.41,0.78,0.276,66.3,4.41,0.86,5.36,5.53,-0.02
2018,강승현,한화,0,0,0,0,0,2,0,1.2,10.8,0,5.4,0.4,125,5.4,0,9.23,8.68,-0.02
2018,조무근,롯데,1,0,0,0,0,2,0,0.2,13.5,13.5,0,1,80,13.5,-0.01,14.33,13.83,-0.02
2018,이동걸,한화,0,0,0,0,0,1,0,2,9,0,4.5,0.5,27.8,18,-0.12,8.33,8,-0.03
2018,박정배,SK,1,2,9,2,4,40,0,36.2,8.35,2.21,2.21,0.277,67.8,5.89,0.19,5.9,5.72,-0.03
2018,이우찬,LG,0,0,0,0,0,3,0,0.2,0,40.5,0,0.6,42.9,54,-0.05,21.83,25.17,-0.03
2018,안우진,넥센,0,3,0,0,0,14,2,24.1,10.36,7.03,1.11,0.359,53.7,8.14,-0.47,5.72,5.6,-0.03
2018,김민규,두산,0,0,0,0,0,1,0,0.1,0,54,0,0.5,33.3,54,-0.08,21.83,26.28,-0.03
2018,김대우,롯데,0,0,0,0,0,5,0,3.1,5.4,2.7,5.4,0.429,64.5,13.5,-0.03,11.33,11.68,-0.04
2018,권혁,한화,0,0,0,1,0,3,0,3,6,3,3,0.125,62.5,6,-0.01,7.83,8.07,-0.04
2018,남윤성,SK,0,1,0,0,0,6,0,8.2,3.12,4.15,1.04,0.355,75.3,5.19,0.06,6.02,6.69,-0.04
2018,유승철,KIA,1,0,1,3,0,36,0,45.2,8.47,5.12,0.99,0.336,77.1,4.14,0.63,5.14,5.12,-0.04
2018,하준영,KIA,0,0,0,0,0,15,0,14.2,7.36,4.91,1.84,0.302,48.1,9.2,-0.15,6.69,6.85,-0.05
2018,배재환,NC,3,3,1,3,1,31,0,36,8.5,6.25,1.5,0.313,82.4,4.5,0.76,6.19,6.27,-0.05
2018,채병용,SK,2,1,1,3,0,23,0,27.1,4.94,2.3,1.65,0.259,82.1,3.95,1.02,5.99,6.29,-0.05
2018,장원준,두산,3,6,0,1,0,17,14,63,6,4.14,1.57,0.374,49.7,10.14,-1.11,6.62,6.89,-0.06
2018,김재균,NC,0,0,0,0,0,4,1,5.2,6.35,14.29,0,0.188,75,3.18,0.1,7.18,8.08,-0.06
2018,류재인,NC,0,0,0,0,0,1,0,1.2,10.8,10.8,5.4,0,65.2,16.2,-0.09,18.23,18.18,-0.06
2018,김태형,LG,0,0,0,0,0,2,0,1.2,5.4,5.4,5.4,0.2,125,5.4,0,12.23,12.77,-0.06
2018,황수범,삼성,0,0,0,0,0,2,0,2.1,7.71,23.14,0,0.429,66.7,11.57,-0.07,9.83,11.15,-0.07
2018,정용운,KIA,1,0,0,0,0,3,3,10,4.5,7.2,0.9,0.3,66.3,6.3,0.18,6.53,7.21,-0.07
2018,홍건희,KIA,0,0,0,0,0,10,0,13.2,6.59,3.95,1.98,0.455,55.2,11.2,-0.46,6.54,6.69,-0.07
2018,변진수,두산,0,0,0,0,0,10,0,10.2,6.75,1.69,1.69,0.389,52.1,10.12,-0.01,6.46,6.43,-0.08
2018,강지광,SK,0,0,0,0,0,2,0,2,13.5,18,4.5,0.571,26.3,31.5,-0.28,13.33,13.62,-0.08
2018,김기태,삼성,0,0,0,0,0,1,0,1.2,10.8,0,16.2,0.25,0,27,-0.19,26.63,26.23,-0.09
2018,김시현,삼성,0,0,0,0,0,4,0,5,9,3.6,3.6,0.471,62.5,12.6,-0.1,9.43,9.27,-0.09
2018,백인식,SK,1,2,0,1,3,18,0,14.1,8.79,5.65,2.51,0.325,59.8,9.42,0.29,7.81,7.78,-0.09
2018,박주홍,한화,1,1,0,0,0,21,0,16.2,8.64,5.4,2.16,0.389,60.5,9.72,-0.24,7.19,7.21,-0.09
2018,민태호,NC,1,0,0,0,0,7,0,9.1,2.89,3.86,0.96,0.3,58.8,5.79,0.08,6.19,6.85,-0.09
2018,윤강민,NC,0,0,0,0,0,6,0,5.2,6.35,7.94,1.59,0.542,51,17.47,-0.31,8.42,8.87,-0.09
2018,김용주,KT,0,0,0,0,0,1,1,2,9,9,4.5,0.5,53.6,18,-0.18,11.33,11.61,-0.1
2018,최동현,두산,0,0,0,0,0,5,0,7.1,4.91,0,2.45,0.452,54.9,11.05,-0.33,8.33,8.41,-0.1
2018,김영준,LG,2,0,0,0,0,7,1,9,8,8,2,0.2,77.5,5,-0.01,8.27,8.54,-0.12
2018,박성모,두산,0,1,0,0,0,2,0,2,4.5,0,4.5,0.375,83.3,9,-0.08,10.83,11.04,-0.12
2018,김주한,SK,1,0,0,1,0,7,0,6,7.5,9,3,0.333,41,13.5,-0.19,9.5,9.95,-0.12
2018,하영민,넥센,0,2,0,0,0,8,1,15.2,4.6,3.45,1.72,0.375,60.4,6.89,-0.33,6.64,7.06,-0.12
2018,최대성,두산,0,0,0,0,0,1,0,1,9,27,18,0.714,13.9,81,-0.26,36.83,38.63,-0.14
2018,김정후,두산,0,1,0,0,0,13,0,17.1,6.23,6.23,1.56,0.191,81.7,3.63,0.49,6.95,7.34,-0.14
2018,류희운,KT,1,1,0,1,0,25,2,39,5.54,2.54,1.85,0.315,82.3,4.38,0.8,6.27,6.51,-0.14
2018,문광은,LG,0,1,0,0,0,6,0,6.2,6.75,6.75,4.05,0.364,59.3,12.15,-0.23,10.43,10.85,-0.15
2018,전유수,SK,0,1,0,0,0,13,0,15.1,7.63,2.93,1.76,0.364,73.4,5.87,-0.16,6.05,6.02,-0.15
2018,황인준,KIA,0,1,0,1,0,25,2,41,5.93,1.98,1.54,0.287,77.2,4.39,0.55,5.83,5.96,-0.15
2018,노성호,NC,0,2,0,0,0,18,4,31.1,9.19,7.47,1.72,0.317,69.2,6.89,0.06,6.77,6.84,-0.16
2018,김경태,한화,0,0,0,0,0,3,0,2.2,6.75,16.88,6.75,0.286,64.5,16.88,-0.14,17.71,18.87,-0.16
2018,김선기,넥센,0,1,0,1,0,20,0,21.1,8.44,6.33,2.11,0.357,71.1,6.75,-0.02,6.97,7.07,-0.16
2018,최채흥,삼성,1,1,0,0,0,3,3,11.1,7.15,3.97,3.18,0.385,82.5,6.35,0.04,8.42,8.57,-0.17
2018,김사율,KT,1,2,0,0,0,20,3,34.2,5.19,2.6,2.34,0.284,74.3,5.45,0.41,6.92,7.2,-0.17
2018,최민준,SK,0,0,0,0,0,1,0,4.2,3.86,0,9.64,0.3,50,15.43,-0.24,16.9,17.37,-0.17
2018,김진성,NC,3,2,0,4,1,40,0,38.1,6.81,3.52,2.82,0.328,63.7,7.75,0.32,7.56,7.71,-0.17
2018,현도훈,두산,0,1,0,0,0,3,1,8.2,5.19,6.23,2.08,0.321,72.4,7.27,-0.01,8.1,8.64,-0.18
2018,이승진,SK,0,1,0,0,0,25,1,29.1,7.06,4.3,1.53,0.278,70,5.22,0.2,6.11,6.24,-0.18
2018,최동환,LG,1,0,0,0,0,21,0,27.1,6.59,2.63,1.65,0.25,70.4,4.94,0.74,5.84,5.94,-0.19
2018,정수민,NC,2,5,0,1,0,15,7,45,6.2,5.2,1.8,0.31,68.7,6.2,0.58,6.92,7.25,-0.21
2018,양현,넥센,1,0,0,4,2,27,0,27.1,6.26,3.62,1.32,0.289,86.4,3.29,0.71,5.66,5.87,-0.22
2018,윤수호,두산,0,1,0,0,0,15,0,20.2,6.1,6.1,1.74,0.37,42.1,10.89,-0.85,6.88,7.23,-0.23
2018,김동준,넥센,2,2,2,1,1,32,3,47.1,6.85,3.42,1.9,0.333,71.6,6.08,0.44,6.45,6.57,-0.25
2018,이원준,SK,0,1,0,0,0,3,1,3.2,4.91,2.45,7.36,0.526,20.4,29.45,-0.63,14.19,14.64,-0.26
2018,장현식,NC,3,2,2,1,1,21,0,26.2,8.1,5.74,2.36,0.312,68.1,7.42,-0.33,7.24,7.35,-0.27
2018,한기주,삼성,1,4,0,3,1,33,1,39,6.92,2.77,1.85,0.359,65.2,6.69,-0.4,6.27,6.33,-0.27
2018,주권,KT,2,8,0,3,0,34,10,72.2,5.45,2.72,1.73,0.354,49,9.29,-1.57,6.28,6.53,-0.28
2018,조덕길,넥센,0,0,0,0,1,25,0,26.2,8.44,4.39,2.02,0.345,60.6,7.42,-0.3,6.34,6.33,-0.29
2018,신병률,KT,0,0,1,2,0,20,1,25.2,4.91,2.45,2.1,0.33,61.8,7.01,-0.22,6.83,7.15,-0.31
2018,최금강,NC,0,1,0,1,0,19,4,37.1,4.34,5.3,1.93,0.328,61.1,8.44,-0.29,7.58,8.17,-0.32
2018,임지섭,LG,0,2,0,0,0,2,2,4.2,7.71,13.5,5.79,0.444,36.2,25.07,-0.61,14.97,15.76,-0.34
2018,이민우,KIA,2,3,0,2,0,18,2,25,6.12,5.4,1.08,0.373,62.2,8.28,-0.29,6.43,6.75,-0.34
2018,김대우,삼성,2,2,0,0,0,8,7,36.1,3.72,4.46,1.73,0.348,62.3,7.93,0.07,7.24,7.85,-0.36
2018,고우석,LG,2,4,0,3,3,48,0,57.2,5.93,4.99,1.25,0.279,62.1,5.62,-0.32,6.19,6.53,-0.39
2018,심수창,한화,0,0,0,0,1,3,0,2.1,7.71,0,7.71,0.556,71.4,15.43,-0.25,13.26,13.17,-0.45
2018,박세진,KT,1,5,0,0,0,8,8,30.1,7.12,5.64,2.97,0.366,57.4,10.68,-0.6,8.41,8.64,-0.5
2018,신재영,넥센,7,8,0,0,0,21,20,96.1,4.95,1.78,2.71,0.301,70.4,6.63,0.82,7.42,7.69,-0.62
2014,밴헤켄,넥센,20,6,0,0,0,31,31,187,8.57,2.55,0.43,0.344,71.1,3.51,7.36,3.43,3.11,7.41
2014,밴덴헐크,삼성,13,4,0,0,0,25,25,152.2,10.61,2.65,0.88,0.297,78.6,3.18,7.15,3.71,3.16,6.38
2014,양현종,KIA,16,8,0,0,0,29,29,171.1,8.67,4.04,0.63,0.321,69.8,4.25,6.03,4.19,3.91,5.41
2014,니퍼트,두산,14,7,0,1,0,30,28,179.1,7.93,2.41,0.85,0.323,72.6,3.81,6.12,4.18,3.97,5.2
2014,김광현,SK,13,9,0,0,0,28,28,173.2,7.51,4.2,0.52,0.337,74.6,3.42,6.78,4.32,4.17,4.5
2014,윤성환,삼성,12,7,0,0,0,28,28,170.1,7.03,1.96,0.95,0.342,71.4,4.39,5.45,4.41,4.32,4.31
2014,우규민,LG,11,5,0,0,0,29,28,153.2,6.03,1.99,0.64,0.325,68.8,4.04,4.86,4.28,4.34,3.84
2014,류제국,LG,9,7,0,0,0,27,27,147.2,7.8,3.54,0.79,0.3,58.9,5.12,2.24,4.6,4.49,3.57
2014,배영수,삼성,8,6,0,0,0,25,24,133.2,7.47,2.63,0.94,0.37,65.5,5.45,2.37,4.47,4.32,3.37
2014,옥스프링,롯데,10,8,0,0,0,32,31,184.1,6.35,3.08,0.98,0.298,71,4.2,5.72,4.9,4.89,3.37
2014,이재학,NC,10,9,0,0,0,29,28,156,7.56,3.92,0.92,0.314,73.4,4.21,5.24,4.92,4.81,3.24
2014,마틴,삼성,9,6,0,0,0,23,22,128,5.91,2.18,0.7,0.329,68,4.78,4.3,4.38,4.43,3.05
2014,해커,NC,8,8,0,0,0,30,29,172.2,5.84,3.23,0.73,0.289,70.5,4.01,5.36,4.88,5.01,2.98
2014,유희관,두산,12,9,0,0,0,30,30,177.1,5.68,2.59,1.07,0.314,70.4,4.42,5.13,5.08,5.17,2.97
2014,리오단,LG,9,10,0,0,0,28,28,168,4.12,1.98,0.7,0.292,70,3.96,6.21,4.72,5,2.89
2014,앨버스,한화,6,13,0,0,0,28,28,151.1,6.36,2.38,1.07,0.366,62.2,5.89,1.93,4.81,4.79,2.89
2014,장원준,롯데,10,9,0,0,0,27,27,155,6.21,3.89,0.87,0.309,68.4,4.59,4.18,5.02,5.04,2.7
2014,찰리,NC,12,8,0,0,0,28,28,165.1,5.01,2.99,0.71,0.321,68.8,3.81,5.22,4.88,5.07,2.67
2014,웨버,NC,9,6,0,0,0,24,23,118,6.48,3.2,0.99,0.328,69.9,4.58,3.44,4.94,4.92,2.47
2014,소사,넥센,10,2,0,0,0,20,20,125,7.06,3.24,1.3,0.333,74.9,4.61,3.86,5.26,5.18,2.36
2014,티포드,LG,5,6,0,0,0,20,19,99.2,7.68,4.61,0.81,0.323,65.6,5.24,1.93,4.93,4.83,1.94
2014,송승준,롯데,8,11,0,0,0,24,23,122,6.57,3.17,1.18,0.365,65.1,5.98,1.57,5.36,5.4,1.74
2014,토마스,KIA,2,2,0,0,0,10,9,46.2,9.84,3.66,0.58,0.391,69.2,4.44,1.25,3.68,3.23,1.67
2014,밴와트,SK,9,1,0,0,0,11,11,66.2,7.56,3.51,0.81,0.267,76.3,3.1,2.81,4.65,4.55,1.55
2014,한현희,넥센,4,2,2,30,3,66,0,78.2,9.5,3.55,0.69,0.319,78.7,3.2,3.48,3.99,3.62,1.55
2014,조상우,넥센,6,2,0,11,2,48,0,69.1,9.48,3.76,0.26,0.302,77.9,2.47,2.86,3.46,3.09,1.54
2014,임창용,삼성,5,4,31,0,9,49,0,44.2,10.48,4.23,0.81,0.377,60.5,5.84,0.75,4.32,3.9,1.52
2014,봉중근,LG,2,4,30,0,6,50,0,49.2,8.15,3.08,0.36,0.336,80.9,2.9,2.88,3.67,3.48,1.49
2014,김병현,KIA,3,6,0,0,0,21,15,71,8.37,3.42,0.63,0.382,57.9,7.1,0.03,4.55,4.48,1.48
2014,마야,두산,2,4,0,0,0,11,11,63,7.71,3.43,0.86,0.324,68.1,4.86,1.64,4.66,4.54,1.47
2014,이태양,한화,7,10,0,0,0,30,26,153,5.65,2.41,1.59,0.313,67.8,5.29,3.14,5.75,5.85,1.47
2014,장원삼,삼성,11,5,0,0,0,24,24,129.1,4.38,2.57,1.11,0.306,71.8,4.11,3.71,5.42,5.66,1.43
2014,김진성,NC,3,3,25,1,2,58,0,48.1,9.68,4.84,0.74,0.288,68.9,4.1,2.46,4.47,4.1,1.35
2014,안지만,삼성,6,3,1,27,4,55,0,62.1,9.67,4.33,0.72,0.305,74.4,3.75,2.24,4.24,3.88,1.33
2014,유먼,롯데,12,10,0,0,0,28,28,151.2,4.98,3.74,1.19,0.345,65.4,5.93,2.29,5.72,5.9,1.3
2014,어센시오,KIA,4,1,20,0,7,46,0,46.2,10.8,2.7,0.96,0.338,70.7,4.05,1.55,3.83,3.27,1.27
2014,손승락,넥센,3,5,32,0,6,62,0,62.1,7.65,1.59,0.87,0.339,70.7,4.33,1.78,3.98,3.78,1.25
2014,임정우,LG,2,5,0,1,0,25,10,73.1,6.63,3.19,0.74,0.332,73.8,4.17,2.37,4.59,4.59,1.21
2014,이용찬,두산,5,5,17,0,7,48,0,51,8.29,2.82,0.53,0.356,66.4,4.24,1.48,3.79,3.56,1.2
2014,최영필,KIA,4,2,0,14,3,40,0,53.2,7.55,2.52,1.01,0.293,72.1,3.19,1.42,4.42,4.24,1.11
2014,원종현,NC,5,3,1,11,3,73,0,71.1,9.21,3.91,0.88,0.294,71.3,4.04,1.55,4.55,4.3,1.11
2014,홀튼,KIA,5,8,0,0,0,17,17,93.2,5.57,4.61,0.96,0.296,69.9,4.8,2.8,5.59,5.73,1
2014,김진우,KIA,3,4,1,1,1,28,13,90.2,8.44,6.06,0.79,0.355,65.1,5.96,0.84,5.33,5.19,0.91
2014,유창식,한화,4,4,0,0,0,21,18,91.1,5.22,7.09,0.2,0.33,70.3,4.14,2.42,5.36,5.59,0.87
2014,임창민,NC,6,3,1,5,2,41,0,53.1,8.94,4.89,0.84,0.308,71.6,4.39,1.55,4.73,4.45,0.84
2014,박희수,SK,1,2,13,0,3,21,0,20.2,12.63,3.48,0.44,0.356,76.1,3.48,1.06,3.08,2.46,0.83
2014,백정현,삼성,0,3,1,1,0,27,5,46.1,10.3,3.3,0.97,0.374,67.2,5.24,0.55,4.22,3.77,0.83
2014,윤명준,두산,7,3,0,17,1,61,0,71.2,6.91,2.89,1.26,0.313,65.9,5.27,1.41,5.09,5,0.83
2014,이현승,두산,3,3,0,15,1,65,3,55,6.38,3.76,0.33,0.353,65.8,5.07,1.18,4.23,4.25,0.81
2014,차우찬,삼성,3,4,0,21,3,69,0,82,8.67,4.61,0.99,0.324,62.2,5.6,0.95,4.84,4.58,0.79
2014,안영명,한화,7,6,4,6,1,48,6,97.2,5.9,3.32,0.74,0.334,68.5,4.52,1.68,5.04,5.21,0.79
2014,하영민,넥센,3,5,0,0,0,14,13,62.1,6.21,4.04,1.3,0.364,60.4,7.22,0.46,5.65,5.66,0.79
2014,손정욱,NC,2,1,1,16,0,67,0,43.2,7.83,5.15,0.62,0.303,68,4.74,1.06,4.75,4.6,0.78
2014,박정진,한화,4,4,9,6,2,60,0,49.1,9.3,4.56,0.91,0.36,56.2,6.02,0.11,4.58,4.22,0.77
2014,유원상,LG,4,5,0,16,5,66,0,68,6.49,3.18,0.79,0.298,68.2,4.37,1.48,4.57,4.53,0.76
2014,심동섭,KIA,1,5,4,9,2,57,0,45.2,9.07,5.52,0.59,0.339,63.6,5.52,0.66,4.62,4.37,0.76
2014,오현택,두산,4,3,0,4,0,58,2,66.2,7.7,2.43,0.81,0.355,79.5,3.64,1.57,4.26,4.12,0.76
2014,이명우,롯데,0,6,0,11,1,64,0,42.1,6.59,4.89,0.21,0.426,58.9,7.02,0.88,4.07,4.04,0.73
2014,이동현,LG,5,1,2,23,4,61,0,59.1,5.76,3.19,0.3,0.295,81,2.73,3.18,4.38,4.56,0.72
2014,윤희상,SK,0,1,0,0,0,7,7,28.1,5.72,2.86,0.32,0.368,66.5,5.08,0.81,4.16,4.3,0.72
2014,김사율,롯데,2,5,0,2,0,33,7,79.1,8.05,3.4,1.47,0.349,66.5,5.79,1.01,5.36,5.17,0.72
2014,윤규진,한화,7,2,9,3,3,43,0,72,9.12,4,1.38,0.301,72.7,4.62,1.62,5.06,4.71,0.71
2014,정대현,롯데,4,2,2,13,2,60,0,42,5.79,2.79,0.43,0.286,71.2,4.07,1.26,4.36,4.53,0.69
2014,송은범,KIA,4,8,0,0,0,27,11,78.2,6.86,4.92,1.26,0.389,60.7,7.32,-0.19,5.93,5.96,0.68
2014,이정민,롯데,1,1,0,8,1,25,0,33.1,6.75,4.05,0.27,0.38,77.3,2.43,0.97,3.96,3.87,0.67
2014,윤길현,SK,3,3,7,9,3,59,0,57.2,9.83,4.37,1.09,0.286,74.8,3.9,1.28,4.61,4.18,0.66
2014,진해수,SK,0,4,0,15,4,75,0,49,6.8,4.96,1.47,0.369,67.6,7.16,1.05,6.13,6.16,0.63
2014,김태영,KIA,5,4,1,11,5,48,0,50.2,7.99,3.02,1.07,0.329,63.2,5.68,0.89,4.81,4.68,0.63
2014,전유수,SK,7,4,0,5,2,67,0,84.2,7.65,3.93,1.17,0.349,71.2,5,1.23,5.11,4.96,0.6
2014,권혁,삼성,3,2,0,1,1,38,0,34.2,9.87,2.86,1.04,0.274,77.2,2.86,1.09,3.98,3.49,0.58
2014,정재훈,두산,2,5,2,14,4,54,0,53.2,9.39,3.19,1.01,0.317,63.1,5.37,0.49,4.52,4.23,0.56
2014,레이예스,SK,2,7,0,0,0,13,13,78.1,4.71,4.37,1.15,0.346,61.5,6.55,0.48,5.95,6.2,0.52
2014,타투스코,한화,2,6,0,0,0,14,12,63.2,6.93,6.36,0.99,0.302,60.8,7.07,0.33,6.1,6.19,0.5
2014,울프,SK,2,2,4,0,0,23,13,85.1,4.32,2.85,1.05,0.282,68.2,4.85,2.06,5.53,5.83,0.49
2014,채병용,SK,8,12,0,0,1,27,24,130,6.02,3.39,1.87,0.302,67,6.37,1.65,6.48,6.59,0.46
2014,볼스테드,두산,5,7,0,0,0,17,17,87,3.31,3.83,0.83,0.343,60.5,6.21,0.79,5.78,6.24,0.46
2014,김승회,롯데,1,2,20,4,3,54,0,56,6.43,3.05,0.64,0.269,78.9,3.05,2.63,4.49,4.49,0.44
2014,신정락,LG,1,3,0,0,0,15,7,51.1,6.84,2.81,1.4,0.304,57.3,6.66,0.52,5.48,5.5,0.44
2014,이성민,NC,1,2,0,0,0,9,5,28,4.5,5.14,0,0.363,59.3,5.79,0.05,4.63,4.9,0.44
2014,노성호,NC,1,2,0,1,0,15,6,48.1,6.89,5.21,1.12,0.279,74.7,4.47,1.2,5.75,5.75,0.41
2014,최대성,롯데,2,2,0,1,0,41,0,45.1,8.54,4.76,0.2,0.32,76.6,2.58,1.1,3.98,3.78,0.39
2014,정찬헌,LG,1,3,3,8,0,51,0,52.2,7.01,4.61,0.85,0.344,76.8,4.44,1.13,4.8,4.79,0.38
2014,심창민,삼성,5,2,0,8,1,52,0,38.1,8.92,6.1,1.64,0.324,62.7,6.81,0.3,6.39,6.23,0.37
2014,이재우,두산,1,2,0,1,0,11,9,37.2,7.17,5.26,1.19,0.316,76.3,5.02,0.95,5.93,5.95,0.34
2014,윤지웅,LG,1,2,0,6,0,53,0,36,8.5,4,1,0.343,73,4.25,0.67,4.86,4.67,0.33
2014,노경은,두산,3,15,0,0,0,29,19,109.2,6.07,5.66,1.15,0.365,50.7,9.03,-1.6,6.03,6.11,0.33
2014,문성현,넥센,9,4,0,1,0,20,17,85.1,5.38,5.17,1.27,0.294,68.1,5.91,1.86,6.3,6.5,0.31
2014,이재영,SK,1,0,0,4,0,38,0,48,7.88,5.25,1.31,0.29,60.1,6.19,0.3,5.7,5.54,0.29
2014,강영식,롯데,2,5,0,14,4,52,0,47,8.04,4.6,0.77,0.328,70.8,4.79,0.72,4.79,4.62,0.28
2014,함덕주,두산,0,0,0,3,1,31,0,26.1,7.86,4.1,0.68,0.306,70.2,4.44,0.78,4.53,4.37,0.28
2014,변진수,두산,0,0,0,2,0,31,0,33.2,7.75,2.67,0.8,0.344,62.5,5.08,0.51,4.49,4.4,0.27
2014,박정배,SK,6,4,1,10,2,43,0,43.1,7.06,4.78,0.62,0.32,62.9,5.82,0.78,4.94,5,0.25
2014,김대우,넥센,2,2,1,0,0,30,9,73.2,8.06,5.5,1.1,0.369,72.4,5.5,1.15,5.76,5.7,0.25
2014,김현우,삼성,1,0,0,1,0,29,0,31,8.42,2.32,1.16,0.266,91.5,2.32,1.06,4.49,4.21,0.23
2014,신창호,KIA,0,1,0,0,0,27,1,38,7.82,5.68,0.71,0.311,59.9,6.16,-0.18,5.15,5.05,0.23
2014,정대현,두산,1,1,0,0,0,12,5,27.1,6.91,8.23,0.66,0.314,53.6,7.9,0.26,6.08,6.14,0.22
2014,임준섭,KIA,5,11,0,0,0,29,24,130.2,3.72,4.61,1.03,0.322,64.6,6.06,1.46,6.13,6.51,0.22
2014,여건욱,SK,3,3,0,0,0,27,7,69.1,6.49,3.63,2.08,0.304,68.1,6.23,0.73,6.45,6.42,0.2
2014,김기태,삼성,0,0,1,0,0,6,0,8.2,8.31,1.04,2.08,0.367,62.5,7.27,0.14,5.31,4.99,0.19
2014,이상백,SK,0,0,1,0,0,16,0,14.2,8.59,3.68,1.84,0.244,83.3,4.3,0.51,6.19,6.07,0.19
2014,한승혁,KIA,1,5,0,0,1,26,6,58.2,8.28,7.36,0.77,0.35,62.3,7.21,-0.07,5.68,5.57,0.17
2014,문광은,SK,1,2,0,0,0,9,7,32.2,6.34,2.76,1.93,0.306,59.7,6.34,0.11,6.1,6.08,0.16
2014,신재웅,LG,8,3,0,8,5,57,2,64,6.47,3.66,0.98,0.296,76.1,3.8,1.18,5.1,5.1,0.15
2014,윤근영,한화,2,3,0,5,0,36,1,49,5.14,4.22,1.1,0.378,64.8,7.16,0.17,6.03,6.34,0.14
2014,김건한,삼성,0,1,1,0,0,34,0,36.1,5.7,2.23,0.5,0.328,56.9,5.45,0.71,4.58,4.85,0.13
2014,김성배,롯데,1,0,4,11,3,46,0,40.2,7.08,4.87,1.55,0.356,73.3,5.98,0.86,6.09,6.07,0.13
2014,이혜천,NC,1,0,0,2,2,25,0,18,8.5,4,0,0.386,78.1,3,0.67,3.59,3.41,0.11
2014,김세현,넥센,5,2,0,2,1,34,1,45,6.6,5.8,0.6,0.399,57.7,8,-0.41,5.47,5.6,0.11
2014,이동걸,한화,0,1,0,0,0,8,2,20,7.2,3.15,1.8,0.321,63,4.5,0.15,6.31,6.36,0.09
2014,조현근,삼성,0,0,0,0,0,6,0,5.1,5.06,1.69,0,0.133,100,0,0.19,3.25,3.31,0.07
2014,문수호,NC,0,1,0,1,1,10,0,9,9,1,3,0.333,76.9,6,0.1,6.47,6.09,0.06
2014,이민호,NC,7,2,2,8,3,51,6,88,7.47,3.89,1.94,0.289,76.5,5.01,1.72,6.46,6.42,0.06
2014,최금강,NC,0,0,0,0,0,4,0,5,7.2,3.6,0,0.5,54.5,9,-0.03,3.41,3.26,0.05
2014,손민한,NC,4,4,1,9,5,52,1,48.1,4.28,2.61,0.93,0.317,80.3,3.54,1.25,5.19,5.47,0.04
2014,마정길,넥센,3,3,0,7,0,55,0,64,7.73,4.22,1.27,0.276,71.8,4.78,1.05,5.89,5.93,0.03
2014,장민익,두산,0,0,0,1,0,8,0,5.1,1.69,3.38,0,0.368,77.8,3.38,0.17,4.56,5.09,0.03
2014,이상민,넥센,0,0,0,0,0,6,0,3.1,10.8,10.8,0,0.364,50,8.1,-0.11,5.01,4.59,0.02
2014,이창욱,SK,1,0,0,0,0,7,0,7.1,3.68,6.14,0,0.31,35.7,8.59,-0.02,5.04,5.39,0.02
2014,배힘찬,넥센,0,0,0,0,0,6,0,6.2,5.4,1.35,1.35,0.385,75.5,5.4,0.05,5.01,5.05,0.02
2014,서동환,삼성,0,0,0,0,0,2,0,1,9,0,0,0.333,100,0,0.03,4.81,5.53,0.02
2014,심규범,롯데,0,0,0,0,0,1,0,1,9,0,0,0,-,0,0.03,1.81,1.34,0.02
2014,구승민,롯데,0,0,0,0,0,1,0,0.2,13.5,0,0,-,-,0,0.02,0.81,-0.23,0.02
2014,장시환,넥센,0,0,0,0,0,6,0,6.2,2.7,4.05,0,0.333,25,12.15,-0.24,4.56,4.98,0.02
2014,정현욱,LG,2,2,0,1,1,25,0,32.1,6.68,4.18,1.11,0.35,76.9,4.73,0.46,5.42,5.4,0.01
2014,권오준,삼성,0,0,0,0,0,1,0,1,0,0,0,0.5,33.3,18,-0.12,3.81,4.47,0.01
2014,허건엽,SK,0,0,0,0,0,3,0,5,1.8,3.6,0,0.2,100,0,0.24,4.61,5.13,0.01
2014,이정호,두산,0,0,0,0,0,1,0,1,0,0,0,0,-,0,0.03,3.81,4.47,0.01
2014,민태호,NC,0,0,0,0,0,1,0,1,0,0,0,0.4,50,9,-0.02,3.81,4.47,0.01
2014,장진용,LG,0,2,0,0,0,4,2,7.1,6.14,2.45,1.23,0.292,52.1,2.45,-0.04,5.44,5.58,0
2014,신동훈,LG,1,0,0,0,0,5,0,10.1,3.48,4.35,0,0.303,72.2,3.48,0.34,5.36,6.04,0
2014,김명성,두산,0,0,0,0,0,8,0,7.2,3.52,2.35,1.17,0.136,87,2.35,0.18,5.5,5.81,0
2014,임준혁,KIA,1,3,0,2,1,30,0,32,4.78,5.06,0.84,0.298,60.2,5.06,0.14,5.75,6.02,0
2014,김광수,한화,0,0,0,0,0,1,0,0,0,0,0,1,0,0,0,0,0,0
2014,윤기호,한화,0,0,0,0,0,1,0,0,0,0,0,1,33.3,0,0,0,0,0
2014,임현준,삼성,0,0,0,0,0,1,0,0,0,0,0,1,100,0,0,0,0,0
2014,김준,KIA,0,0,0,0,0,1,0,0,0,0,0,0,100,0,0,0,0,0
2014,김대유,SK,0,1,0,0,0,9,3,11.2,10.8,14.66,0.77,0.367,62.1,10.03,-0.17,7.66,7.46,0
2014,이수민,삼성,1,0,0,1,0,5,0,7.1,8.59,12.27,0,0.35,88.9,2.45,0.33,5.99,6.02,0
2014,허준혁,롯데,0,0,0,0,0,2,0,2,4.5,4.5,0,0.375,40,9,-0.14,5.81,6.62,-0.01
2014,김수완,두산,0,0,0,0,0,2,0,1.1,0,6.75,0,0.636,37.5,33.75,-0.16,6.06,6.89,-0.01
2014,황영국,한화,0,0,0,0,0,1,0,1,0,9,0,0.5,66.7,9,-0.02,6.81,7.7,-0.01
2014,강동연,두산,0,0,0,0,0,1,0,1,27,0,9,1,55.6,27,-0.1,10.81,8.26,-0.01
2014,구본범,한화,0,0,0,0,0,3,0,3.2,4.91,0,2.45,0.438,45.5,12.27,-0.16,6.26,6.36,-0.01
2014,이우선,삼성,0,0,0,0,0,1,0,0.1,0,27,0,0,100,0,0.01,12.81,14.16,-0.01
2014,유창준,두산,0,0,0,0,0,4,0,4,2.25,9,0,0.474,61.5,11.25,-0.12,6.31,6.92,-0.02
2014,제춘모,SK,0,0,0,0,0,1,0,0.1,0,0,0,0.667,66.7,27,-0.05,12.81,17.05,-0.02
2014,홍성민,롯데,2,3,0,0,0,14,6,36,2.75,3,1.75,0.28,70.1,4.75,0.73,6.72,7.15,-0.02
2014,홍성용,NC,0,1,0,3,0,22,0,12.2,3.55,5.68,0.71,0.262,71.4,4.26,0.61,5.94,6.39,-0.02
2014,문동욱,롯데,0,0,0,0,0,1,0,2,0,4.5,0,0.333,60,9,-0.03,6.81,8.18,-0.03
2014,김유영,롯데,0,0,0,0,0,5,0,7.2,2.35,8.22,0,0.286,66.7,5.87,0.02,6.03,6.6,-0.03
2014,정재원,한화,0,0,0,0,0,5,0,4.1,18.69,16.62,0,0.75,52.2,22.85,-0.4,7.27,6.83,-0.03
2014,임태훈,두산,0,0,0,1,0,6,0,3.2,9.82,14.73,0,0.5,71.4,9.82,0.17,7.35,7.48,-0.03
2014,마일영,한화,0,0,0,1,0,19,0,20,3.6,4.05,0.45,0.373,57.3,8.55,0.04,5.61,6.17,-0.04
2014,엄정욱,SK,0,1,0,0,0,5,0,3,9,12,3,0.333,75.8,9,-0.08,10.14,10.04,-0.04
2014,박명환,NC,0,2,0,0,0,5,1,5,12.6,14.4,1.8,0.462,75.3,7.2,-0.11,9.01,8.73,-0.04
2014,노진용,삼성,0,0,0,0,0,1,0,0.1,27,0,27,-,0,27,-0.04,36.81,34.62,-0.05
2014,최현정,KIA,0,0,0,0,0,8,0,7.1,2.45,4.91,1.23,0.355,54.8,9.82,-0.12,6.67,7.17,-0.05
2014,이상화,롯데,1,3,0,0,0,10,4,27,5.33,5,1.33,0.396,58.8,9.33,-0.47,6.55,6.83,-0.05
2014,최동환,LG,0,0,0,0,0,1,0,2.1,7.71,11.57,3.86,0.167,55.6,11.57,-0.07,11.52,11.59,-0.06
2014,이상열,LG,0,0,0,1,0,12,0,8,5.62,3.38,1.12,0.357,58.8,7.88,0.18,5.68,5.9,-0.06
2014,김강률,두산,0,1,0,0,0,14,1,16.2,7.02,3.78,2.7,0.37,64,8.1,-0.17,7.41,7.34,-0.06
2014,허유강,한화,0,0,0,0,0,1,0,0.2,0,0,13.5,0.333,166.7,13.5,-0.03,23.31,24.24,-0.06
2014,금민철,넥센,3,5,0,0,0,11,11,41.2,5.18,6.48,0.86,0.336,64.3,6.05,0.48,6.57,6.96,-0.06
2014,강승현,롯데,0,0,0,0,0,3,0,5.2,4.76,3.18,3.18,0.533,5.8,25.41,-0.41,8.4,8.6,-0.07
2014,박성호,KIA,0,0,0,0,0,8,0,13,7.62,4.85,2.08,0.48,64.9,10.38,-0.53,6.96,6.92,-0.07
2014,김지훈,KIA,0,1,0,0,0,10,0,12.2,4.97,6.39,1.42,0.386,63.5,8.53,-0.24,6.89,7.11,-0.07
2014,서재응,KIA,0,2,0,2,0,16,1,32.1,5.01,2.78,1.67,0.342,66.5,6.4,0.05,6.31,6.56,-0.08
2014,조지훈,한화,0,0,0,0,0,2,0,0.2,0,13.5,13.5,0.333,76.9,27,-0.08,32.31,35.38,-0.08
2014,허준혁,두산,0,0,0,0,0,8,0,6.1,4.26,5.68,1.42,0.552,60.2,14.21,-0.18,7.76,8.43,-0.09
2014,이한진,SK,0,0,0,0,0,4,0,8.1,3.24,4.32,2.16,0.349,22,8.64,-0.49,7.65,8.06,-0.1
2014,신윤호,SK,0,0,0,0,0,2,1,3,3,6,3,0.538,81.4,9,-0.05,9.47,9.97,-0.11
2014,최병욱,두산,0,0,0,0,0,12,0,16.1,4.96,3.86,2.2,0.351,74.8,6.61,0,7.18,7.36,-0.12
2014,김기표,LG,0,0,0,0,0,3,0,2,4.5,0,9,0,0,13.5,-0.1,17.31,18.18,-0.12
2014,김동준,넥센,0,0,0,0,0,5,0,6,3,12,1.5,0.238,79.4,6,0.01,9.31,9.93,-0.12
2014,윤형배,NC,0,0,0,0,0,2,0,3.1,8.1,0,8.1,0.455,83.3,13.5,-0.12,14.61,14.77,-0.13
2014,고창성,NC,1,1,0,1,1,25,0,25,3.96,2.52,0.36,0.282,77.4,1.8,0.51,4.65,5.03,-0.13
2014,황재규,한화,0,1,0,0,0,8,0,8.1,3.24,5.4,1.08,0.444,32.4,17.28,-0.68,6.81,7.36,-0.13
2014,임기영,한화,1,1,0,0,0,14,0,22.2,6.75,3.57,2.38,0.39,61.6,6.75,-0.41,7.2,7.26,-0.13
2014,임지섭,LG,1,2,0,0,0,4,3,14.2,4.91,10.43,0.61,0.304,69.6,6.75,0.08,7.29,7.69,-0.13
2014,신승현,LG,0,0,0,1,0,11,0,15.1,7.04,5.28,1.17,0.352,60.9,5.87,-0.2,6.48,6.73,-0.14
2014,이인복,롯데,0,0,0,0,0,3,0,4.2,3.86,7.71,3.86,0.333,39.2,15.43,-0.26,11.74,12.44,-0.15
2014,류택현,LG,0,0,0,0,0,2,0,1,0,0,18,0.333,83.3,27,-0.03,32.81,35.02,-0.15
2014,나이트,넥센,1,2,0,0,0,6,6,29.1,5.83,6.75,1.53,0.333,71.2,5.52,0.36,7.08,7.25,-0.15
2014,배장호,롯데,2,2,0,0,0,16,2,28,2.89,4.82,0.32,0.277,68,4.82,0.52,5.66,6.3,-0.16
2014,심수창,롯데,0,0,2,0,0,11,0,19.2,6.41,3.66,3.2,0.288,54.1,9.15,-0.36,8.23,8.25,-0.16
2014,박민호,SK,2,3,0,0,0,17,4,31.1,3.45,2.87,0.86,0.325,62.7,5.46,-0.04,6.11,6.77,-0.16
2014,윤영삼,넥센,0,0,0,0,0,1,0,4,9,13.5,6.75,0.571,39.1,27,-0.35,16.06,16.07,-0.16
2014,송신영,넥센,2,1,0,2,0,41,0,42.2,5.91,3.38,1.48,0.362,65.5,6.54,-0.23,5.96,6.11,-0.17
2014,김선우,LG,0,1,0,0,0,6,2,8.1,3.24,4.32,2.16,0.364,37,14.04,-0.43,8.01,8.56,-0.17
2014,김혁민,한화,0,4,1,2,1,17,4,30.2,6.46,4.99,2.35,0.416,54.3,11.15,-0.96,7.33,7.35,-0.18
2014,김선규,LG,0,3,0,1,0,19,0,17.2,3.57,4.58,1.02,0.338,51.1,7.13,-0.44,6.86,7.61,-0.18
2014,박성훈,넥센,1,0,0,0,0,15,0,15.1,7.04,4.11,2.93,0.367,69.6,8.22,-0.17,7.85,7.79,-0.19
2014,조영우,한화,0,1,0,0,0,6,2,11,6.55,3.27,3.27,0.429,63.7,10.64,-0.32,8.17,8.16,-0.2
2014,이정훈,넥센,0,0,0,0,0,7,0,7.1,2.45,6.14,2.45,0.433,58.1,12.27,-0.42,8.85,9.41,-0.21
2014,임경완,SK,0,0,0,0,0,16,0,16.2,2.7,3.24,2.16,0.288,64.1,5.4,0.39,7.77,8.36,-0.21
2014,박근홍,삼성,1,0,0,5,0,42,0,30.1,7.71,8.31,1.19,0.266,79.4,4.45,0.45,6.87,6.92,-0.22
2014,박경태,KIA,0,2,0,1,1,16,2,25.2,5.96,4.56,2.1,0.453,50.4,12.27,-0.59,7.28,7.44,-0.24
2014,송창현,한화,1,9,0,0,0,20,17,79.1,3.4,6.69,1.25,0.332,64.4,6.69,0.49,7.12,7.59,-0.28
2014,오주원,넥센,5,6,0,0,0,21,14,74,3.77,4.01,1.7,0.333,65.9,6.45,0.63,6.89,7.26,-0.28
2014,최영환,한화,1,2,1,2,1,50,0,64.2,5.85,5.98,1.25,0.333,63.2,7.1,0.04,6.5,6.71,-0.29
2014,백인식,SK,0,1,0,0,0,6,2,9.1,2.89,6.75,2.89,0.463,46.8,18.32,-0.57,10.56,11.47,-0.3
2014,김기현,한화,0,1,0,1,0,24,0,23.1,5.79,2.7,3.47,0.341,74.9,5.79,-0.17,8.56,8.69,-0.32
2014,박준표,KIA,0,1,0,0,0,13,0,22.2,2.38,4.37,1.19,0.298,54.1,7.94,-0.4,6.98,7.69,-0.36
2014,정대훈,한화,3,2,1,0,0,34,1,42.1,2.98,2.98,0.85,0.38,60.2,7.23,-0.11,6,6.64,-0.37
2014,이태양,NC,0,1,0,1,0,9,1,15.1,5.28,7.63,1.76,0.32,78.6,6.46,-0.05,8.5,9.04,-0.37
2014,홍상삼,두산,0,3,0,1,0,12,3,21,7.29,8.57,1.71,0.333,63.7,8.57,-0.31,7.81,7.92,-0.38
2014,클레이,한화,3,4,0,0,0,10,10,40,4.5,5.62,1.8,0.37,63.5,8.32,-0.34,7.51,7.87,-0.41
2014,고효준,SK,2,5,0,1,0,21,8,51,7.06,6.71,1.94,0.357,56,9.18,-0.73,7.57,7.67,-0.61
2014,송창식,한화,1,3,1,3,3,26,1,29,6.52,4.34,2.79,0.295,71.1,7.45,0.56,8.05,8.17,-0.72
2014,강윤구,넥센,1,1,0,1,0,24,6,42,7.71,6.86,3.64,0.341,72.3,7.71,-0.7,9.71,9.68,-0.97
